"Title","Author","Year","Tag","Text"
"Wisdom for a Purpose","Rabbi Yaakov Haber","1999","Moadim: chanu",
"Active Prayer","Rabbi Yaakov Haber","1999","Moadim: succot",
"Simchas Torah: In Anticipation","Rabbi Yaakov Neuburger","1999","Moadim: sim",
"Reflections on Sefirat ha-Omer","Rabbi Michael Rosensweig","1999","Moadim: sefira",
"Between <I>Pesach</I> and <I>Atzeret</I>: Perspectives on <I>Sefirat Ha-Omer</I>","Rabbi Yonasan Sacks","1999","Moadim: sefira",
"An Attitude of Confidence","Rabbi Herschel Schachter","1999","Moadim: rhyk",
"The Song of the <I>Beit HaMikdash</I>","Rabbi Zvi Sobolofsky","1999","Moadim: tav",
"And It Happened at Midnight","Rabbi Mayer Twersky","1999","Moadim: pesach",
"As One Person with One Heart","Rabbi Mayer Twersky","1999","Moadim: shavuot",
"Shabbat Chanukah","Rav Mordechai Willig","1999","Moadim: chanuka",
"Purim: the Holiday of Giving","Rav Mordechai Willig","1999","Moadim: purim",
"<i>Veahavta Le-Raiacha Kamocha</I>","Rabbi Mordechai Willig","1999","Moadim: sefira",
"<I>Tefilla</I> of <I>Yomim Noraim</I>: Texts, Times, &amp; Tunes","Rabbi Mordechai Willig","1999","Moadim: yk",
"A Healthy Tension before <I>Mattan Torah</i>","Rabbi Benjamin Yudin","1999","Moadim: shavuos",
"Man-Made Reward","Rabbi Yaakov Haber","1999","Parsha: lech",
"Serving God <i>Ka'asher Diber</i>","Rabbi Yaakov Neuberger","1999","Parsha: nasso",
"The Interdependence of Generations","Rabbi Yaakov Neuburger","1999","Parsha: pinchas",
"<I>VaYifga Bamokom</I>","Rabbi Yaakov Neuberger","1999","Parsha: vay",
"Sefer Vayikra: A Halachic Stream of Consciousness","Rabbi Yaakov Neuberger","1999","Parsha: vayikra",
"The Significance of <I>Nedarim</I>","Rabbi Michael Rosensweig","1999","Parsha: matot",
"The Spiritual Legacy of Noah and Avraham","Rabbi Michael Rosensweig","1999","Parsha: noach",
"Parshat Chayei Sara - Jewish Burial","Rabbi Herschel Shachter","1999","Parsha: chayey",
"Praying for a Miracle","Rabbi Herschel Schachter","1999","Parsha: korach",
"Appreciating <I>Kedushah</i>","Rabbi Herschel","1999","Parsha: taz",
"<I>Mitzvot Le-Dorot</I> and <I>Hora'ot Sha'ah</I>","Rav Herschel Schachter","1999","Parsha: vapi",
"<I>Mitzvot Le-Dorot</I> and <I>Hora'ot Sha'ah</I>","Rav Herschel Schachter","1999","Parsha: vapi",
"<I>Mesorah</I> and Change","Rav Herschel Schachter","1999","Parsha: vayech",
"The Mishkan and Parah Adumah: Tikkunim for the Eigel","Rabbi Zvi Sobolofsky","1999","Parsha: kisisa",
"Decision of Life and Death","Rabbi Zvi Sobolofsky","1999","Parsha: achmot",
"To See and To Be Seen","Rabbi Zvi Sobolofsky","1999","Parsha: balak",
"Parshat Bereshit - Justice and Mercy: Creation One and Two","Rabbi Zvi Sobolofsky","1999","Parsha: breishis",
"The Mishkan and Parah Adumah: Tikkunim for the Eigel","Rabbi Zvi Sobolofsky","1999","Parsha: kisisa",
"Yaakov and Yisrael - A Dual Destiny","Rabbi Zvi Sobolofsky","1999","Parsha: vayishlach",
"Free Will and Divine Providence","Rabbi Mayer Twersky","1999","Parsha: vayigash",
"<I>Toras Emes</i>","Rabbi Mordechai Willig","1999","Parsha: bhalos",
"<I>Baruch Shepetarani</I>","Rabbi Mordechai Willig","1999","Parsha: toldos",
"Bitter, Not Bad","Rabbi Benjamin Yudin","1999","Parsha: shemot",
"Daily Double Acceptance of <I>Mitzvot</i>","Rabbi Benjamin Yudin","1999","Parsha: shlach",
"Not Only <I>Shabbos</I>, but <I>Erev Shabbos</I>","Rabbi Benjamin Yudin","1999","Parsha: vayera",
"The Lesson of a Calf and a Cow","Rabbi Yaakov Haber","2000","Moadim: para",
"<I>B'zos Ani Boteach</I>","Rabbi Yaakov Neuburger","2000","Moadim: sukkos",
"The Significance of <I>Rosh Chodesh</I> and the Month of Elul","Rabbi Michael Rosensweig","2000","Moadim: elul",
"<I>Matzah</I> - The Food of <I>Emunah</I>","Rabbi Herschel Schachter","2000","Moadim: pesach",
"Our Master and Our Beloved: A Dual Approach to <I>Avodat Hashem</I>","Rabbi Zvi Sobolofsky","2000","Moadim: shavuos",
"The Song of Life","Rabbi Zvi Sobolofsky","2000","Moadim: succos",
"Praying for What?","Rabbi Benjamin Yudin","2000","Moadim: rh",
"On <I>Makkot</I> and Scientific Endeavors","Rabbi Yaakov Haber","2000","Parsha: bo",
"The Human Microcosm","Rabbi Yaakov Haber","2000","Parsha: braishis",
"<I>Beit HaMikdash</i>: Built by Whom?","Rabbi Yaakov Haber","2000","Parsha: kedoshim",
"The <I>Sotah</I> and the Purpose of Prayer","Rabbi Yaakov Haber","2000","Parsha: naso",
"The Choice is Ours","Rabbi Yaakov Haber","2000","Parsha: reeh",
"Sartorial Splendor for the Soul","Rabbi Yaakov Haber","2000","Parsha: tetzav",
"Prayer and Needs","Rabbi Yaakov Haber","2000","Parsha: vayetse",
"<I>Ma'aseh Eretz  Mitzrayim</I> - Bad Culture or Bad Character","Rabbi Yaakov Neuberger","2000","Parsha: achmos",
"No More Pencils - No More Books","Rabbi Yaakov Neuberger","2000","Parsha: behalos",
"Don't Curse the Ignorance - Add Wisdom","Rabbi Yaakov Neuberger","2000","Parsha: devarim",
"Investment Style and Portfolios","Rabbi Yaakov Neuberger","2000","Parsha: eikev",
"<I>Matan Torah</i>: Take Two","Rabbi Yaakov Neuberger","2000","Parsha: mishpatim",
"The Lesson of the <I>Ness Nigla</I>","Rabbi Yaakov Neuberger","2000","Parsha: vayeshev",
"The Relationship between Shabbat and the <i>Moadim</i>","Rabbi Michael Rosensweig","2000","Parsha: emor",
"<I>Shevah Mizvot Benei Noah</I> vs. <I>Brit Milah</I>","Rabbi Michael Rosensweig","2000","Parsha: noach2000",
"Means and Ends in the Pursuit of <I>Kedushah</i>","Rabbi Michael Rosensweig","2000","Parsha: pekudei",
"<I>Parshat Shelach</I>: The Transgression of the <I>Meraglim</I>","Rabbi Michael Rosensweig","2000","Parsha: shelach",
"Moshe Rabbeinu's Legacy of Leadership","Rabbi Michael Rosensweig","2000","Parsha: vaera",
"The Character and Compassion of Yosef","Rabbi Yonasan Sacks","2000","Parsha: mekeitz",
"<I>""Badad Yeisheiv""</i>: Appreciating <I>Kedushas Yisroel</i>","Rabbi Yonasan Sacks","2000","Parsha: metzora",
"Unique and Isolated","Rabbi Herschel Schachter","2000","Parsha: hazinu",
"It's In Our Genes","Rabbi Herschel Schachter","2000","Parsha: kisavo",
"The Torah She'Baal Peh","Rabbi Herschel Schachter","2000","Parsha: kisisa",
"All Men Are Created Equal","Rabbi Herschel Schachter","2000","Parsha: korach",
"The Boundaries of the Land","Rabbi Herschel Schachter","2000","Parsha: matos-masei",
"""Centrist Orthodoxy""","Rabbi Herschel Schachter","2000","Parsha: vayera",
"<I>Brit Millah</I> - A Different Type of <I>Mikvah</I>","Rabbi Zvi Sobolofsky","2000","Parsha: tazria",
"The Culmination of <I>Yetziat Mitzrayim</I>","Rabbi Zvi Sobolofsky","2000","Parsha: terumah",
"Physical and Spiritual Danger - the Legacy of Eisav</I>","Rabbi Zvi Sobolofsky","2000","Parsha: vayishlach",
"The Sanctity of Life - The Message of the <I>Beit Hamikdosh</I>","Rabbi Zvi Sobolofsky","2000","Parsha: vetchanan",
"Parshas Bechukosai","Rabbi Mayer Twersky","2000","Parsha: bechukosai",
"Attaining Faith","Rabbi Mayer Twersky","2000","Parsha: beshalach",
"Internalizing Torah","Rabbi Mayer Twersky","2000","Parsha: chayeysara",
"Covenant and Curse","Rabbi Mayer Twersky","2000","Parsha: netsavim",
"<I>Bamidbar</I> and <I>Shavuos</I>","Rabbi Mordechai Willig","2000","Parsha: bamidbar",
"<I>Kibud Av V'aim</I> vs. Living in Israel","Rabbi Mordechai Willig","2000","Parsha: lechlecha",
"Pinchas, <I>Bris Mila</I>, and Parenting","Rabbi Mordechai Willig","2000","Parsha: pinchas",
"<I>Ziknei Yisrael</i>","Rabbi Mordechai Willig","2000","Parsha: shmini",
"Remember Miriam","Rabbi Mordechai Willig","2000","Parsha: teitsei",
"Parshat Yitro - Torah and Secular Studies","Rabbi Mordechai Willig","2000","Parsha: yisro",
"Prerequisites for the Class","Rabbi Benjamin Yudin","2000","Parsha: balak",
"Generosity","Rabbi Benjamin Yudin","2000","Parsha: behar",
"Much More Than Sibling Rivalry","Rabbi Benjamin Yudin","2000","Parsha: toldos",
"Reach for the Sky","Rabbi Benjamin Yudin","2000","Parsha: vayak",
"Sukkot - Universal Holiday?","Rabbi Yaakov Haber","2001","Moadim: succos",
"<I>Shekalim</I> - The Art of Counting","Rabbi Yaakov Neuberger","2001","Moadim: shekalim",
"<I>Parshat ha-Chodesh</I> and its link with <I>Pesach</I>","Rabbi Michael Rosensweig","2001","Moadim: hachodesh",
"The Link Between Yom Kippur and Sukkot","Rabbi Michael Rosensweig","2001","Moadim: sukkos",
"The Unique Character of Tisha B'Av","Rabbi Michael Rosensweig","2001","Moadim: tbav",
"The Silver Lining in the Fires of <I>Tisha B'av</I>","Rabbi Yonasan Sacks","2001","Moadim: tbav",
"<I>Malchiyos</I>","Rabbi Herschel Schachter","2001","Moadim: malchiyos",
"The Spirit of Purim","Rabbi Herschel Schachter","2001","Moadim: purim",
"After <I>Krias Yam Suf</I> - Where Do We Go From Here?","Rabbi Zvi Sobolofsky","2001","Moadim: pesach",
"Chanukah: A Time of Renewal","Rabbi Mayer Twersky","2001","Moadim: chanukah",
"<I>Matzo</I> and <I>Maror</I>","Rabbi Mayer Twersky","2001","Moadim: pesach",
"The Hallel of Purim, Pesach, and the Final Redemption","Rabbi Mordechai Willig","2001","Moadim: hallel",
"Haughtiness, Humility, and <I>Din</I>","Rabbi Mordechai Willig","2001","Moadim: wtc",
"The <I>Nazir</I>, <I>N'si'im</I>, and Nuances","Rabbi Yakov Haber","2001","Parsha: naso",
"Natural Miracles","Rabbi Yakov Haber","2001","Parsha: vaera",
"<I>Mitzvot</I> and <I>Eretz Yisrael</I>","Rabbi Yaakov Haber","2001","Parsha: vaetchanan",
"Defying Human Nature and Divine Miracles","Rabbi Yaakov Haber","2001","Parsha: vayeishev",
"<I>Korbanot</I> - Elevating the Physical World","Rabbi Yaakov Haber","2001","Parsha: vayikra",
"<I>Chukas</I>: It is all in the Attitude","Rabbi Yaakov Neuberger","2001","Parsha: chukas",
"Close Encounters","Rabbi Yaakov Neuberger","2001","Parsha: kiteitsei",
"The Power of <I>Lashon Hara</I> vs. the Power of <I>Ayin Tov</i>","Rabbi Yaakov Neuberger","2001","Parsha: tazria",
"Chesseducation","Rabbi Yaakov Neuberger","2001","Parsha: vayera",
"<I>Kedushat</I> and <I>Pidyon Bekhor</I>","Rabbi Michael Rosensweig","2001","Parsha: bamidbar",
"The Contribution of the <I>Ivri</I> Concept to Jewish Nationhood","Rabbi Michael Rosensweig","2001","Parsha: shemos",
"<I>Parshat Vayishlach</I> - The Principled Pursuit of Principle","Rabbi Michael Rosensweig","2001","Parsha: vayishlach",
"On Commitment and Passion","Rabbi Yonasan Sacks","2001","Parsha: achmoskedoshim",
"Teaching Torah Values","Rabbi Yonasan Sacks","2001","Parsha: chayeySara",
"The <I>Tochacha</I>: A Foundation of Personal and Communal Responsibility","Rabbi Yonasan Sacks","2001","Parsha: kitavo",
"<I>Moshiach, Moshiach, Moshiach!!</I>","Rabbi Herschel Schachter","2001","Parsha: balak",
"<I>Chilul Hashem</I>","Rabbi Herschel Schachter","2001","Parsha: emor",
"The <I>Chazir</I> is Not Kosher","Rabbi Herschel Schachter","2001","Parsha: toldos",
"<I>Galus HaShechina</I>","Rabbi Herschel Schachter","2001","Parsha: vayigash",
"<I>The Hand of Hashem - Miracles and Nature","Rabbi Zvi Sobolofsky","2001","Parsha: beshalach",
"Giving vs. Taking","Rabbi Zvi Sobolofsky","2001","Parsha: noach",
"Jerusalem: the Focal Point of <I>Avodas Hashem</i>","Rabbi Zvi Sobolofsky","2001","Parsha: reeh",
"Perception and Reality","Rabbi Zvi Sobolofsky","2001","Parsha: shlach",
"The Beginning of Exile","Rabbi Zvi Sobolofsky","2001","Parsha: vayigash",
"Consequences and Reverberations","Rabbi Mayer Twersky","2001","Parsha: bahalos",
"<I>Al Tikrei</I>","Rabbi Mayer Twersky","2001","Parsha: bo",
"Parsha Braishis","Rabbi Mayer Twersky","2001","Parsha: braishis",
"<I>Eretz Yisroel</I>","Rabbi Mayer Twersky","2001","Parsha: eikev",
"Shmitah for the Consumer","Rabbi Mordechai Willig","2001","Parsha: behar",
"<I>Ahava</I> and <I>Tochacha</I>","Rabbi Mordechai Willig","2001","Parsha: matos",
"Priority and Innovation","Rabbi Mordechai Willig","2001","Parsha: vayechi",
"Trumpets and Prayer","Rabbi Mordechai Willig","2001","Parsha: vayetse",
"Things are Good, Let's Make Them Better","Rabbi Benjamin Yudin","2001","Parsha: korach",
"No Pain, No Gain","Rabbi Benjamin Yudin","2001","Parsha: lech",
"<I>Kashrus</I>: Much More Than Do's and Don'ts","Rabbi Benjamin Yudin","2001","Parsha: shmini",
"Head, Heart, and Hashem","Rabbi Benjamin Yudin","2001","Parsha: shoftim",
"Just How Important You Are","Rabbi Benjamin Yudin","2001","Parsha: vayechi",
"The All-Embracing Nature of Sinai","Rabbi Benjamin Yudin","2001","Parsha: yisro",
"Parallels Between the Exodus from Egypt and the Final Redemption","Rabbi Yaakov Haber","2002","Moadim: hagadol",
"<EM><P>Shevii Shel Pesach</EM>: The <EM>Yom Tov</EM> of <EM>Shirah</EM>","Rabbi Michael Rosensweig","2002","Moadim: pesach",
"Anticipating <I>Kabolas HaTorah</I>","Rabbi Yonasan Sacks","2002","Moadim: shavuos",
"<I>Sukkos</I> and <I>Hakhail</I>: The Challenge of Integration","Rabbi Yonasan Sacks","2002","Moadim: sukkos",
"Perspectives on <I>Tisha B'av</I>","Rabbi Yonasan Sacks","2002","Moadim: tishabav",
"<I>Shemini Atseres</I> and <I>Simchas Torah</I>: One <I>Simcha</I>","Rabbi Herschel Schachter","2002","Moadim: sukkos",
"The Deeper Meaning of <I>Seudas </I>Purim","Rabbi Zvi Sobolofsky","2002","Moadim: purim",
"The Lesson of <I>Pesach</I> and <I>Purim</I>","Rabbi Mordechai Willig","2002","Moadim: pesach",
"On The Edge","Rabbi Benjamin Yudin","2002","Moadim: roshHashana",
"<I>Y'fas Toar</I> - Avoiding the Temptation of Sin","Rabbi Yaakov Haber","2002","Parsha: kiseitsei",
"On Blossoms, Almonds, and Spiritual Accomplishments","Rabbi Yaakov Haber","2002","Parsha: korach",
"The Desired Land","Rabbi Yaakov Haber","2002","Parsha: matos",
"A Call From the Infinite","Rabbi Yaakov Haber","2002","Parsha: metsora",
"The Pleasure of Torah","Rabbi Yaakov Haber","2002","Parsha: mishpatim",
"Rachel's Weeping and <I>Tefila B'eis Tzara</I>","Rabbi Yaakov Haber","2002","Parsha: vayechi",
"Zealotry: The Dangerous and the Necessary","Rabbi Yaakov Haber","2002","Parsha: vayeishev",
"Together Forever","Rabbi Yaakov Neuburger","2002","Parsha: bamidbar",
"Old Sin and New Opportunity","Rabbi Yaakov Neuburger","2002","Parsha: dvarim",
"Non-people","Rabbi Yaakov Neuburger","2002","Parsha: haazinu",
"Parshas Shemos","Rabbi Yaakov Neuburger","2002","Parsha: shemos",
"The Mirrors are the Message","Rabbi Yaakov Neuburger","2002","Parsha: vayakhel",
"Family Focus","Rabbi Yaakov Neuburger","2002","Parsha: vayetsei",
"<I>Parshas Noach</I>: A New Creation?","Rabbi Michael Rosensweig","2002","Parsha: noach",
"Halachic Values in the Aftermath of the Episode of the Meraglim","Rabbi Michael Rosensweig","2002","Parsha: shlach",
"<I>Parshat Vayigash</i>","Rabbi Michael Rosensweig","2002","Parsha: vayigash",
"<I>Lo Tachmod</I>: The Perfect Culmination of the <I>Asseret ha-Dibrot</I>","Rabbi Michael Rosensweig","2002","Parsha: yisro",
"<I>Hakoras Hatov</i>","Rabbi Yonasan Sacks","2002","Parsha: vaera",
"The Challenge of <I>Bitachon</I>","Rabbi Yonasan Sacks","2002","Parsha: vayishlach",
"Jewish History: Stranger than Fiction","Rabbi Herschel Schachter","2002","Parsha: bo",
"Are We Still the <I>Am Hanivchar</I>?","Rabbi Herschel Schachter","2002","Parsha: eikev",
"<I>Ma'asei Avos Siman LaBonim</I>","Rabbi Herschel Schachter","2002","Parsha: lech",
"The Jewish Army","Rabbi Herschel Schachter","2002","Parsha: shoftim",
"The Leader With the Small <I>Aleph</I>","Rabbi Herschel Schachter","2002","Parsha: vayikra",
"True <I>Chessed</I>","Rabbi Zvi Sobolofsky","2002","Parsha: chayey",
"The <I>Beis HaMikdosh</I>: Life Renewed","Rabbi Zvi Sobolofsky","2002","Parsha: emor",
"<I>Teshuva</I> - Opportunity and Responsibility","Rabbi Zvi Sobolofsky","2002","Parsha: nitzavim",
"A Daily Challenge","Rabbi Zvi Sobolofsky","2002","Parsha: pinchas",
"Projecting Faith","Rabbi Mayer Twersky","2002","Parsha: chukas",
"You Shall Be Holy","Rabbi Mayer Twersky","2002","Parsha: kedoshim",
"The <I>Tochachah</I>","Rabbi Mayer Twersky","2002","Parsha: kisavo",
"The Quest for Sanctity","Rabbi Mayer Twersky","2002","Parsha: terumah",
"Natural Law","Rabbi Mayer Twersky","2002","Parsha: vayera",
"Humility: The Key to Torah","Rabbi Mordechai Willig","2002","Parsha: bahalos",
"Like the Sun","Rabbi Mordechai Willig","2002","Parsha: braishis",
"Two Women, Two Songs","Rabbi Mordechai Willig","2002","Parsha: bshalach",
"Compromise","Rabbi Mordechai Willig","2002","Parsha: miketz",
"Blessing or Curse","Rabbi Mordechai Willig","2002","Parsha: reeh",
"Behold, With Joy","Rabbi Mordechai Willig","2002","Parsha: shemos",
"He Does Not Slumber Nor Sleep","Rabbi Benjamin Yudin","2002","Parsha: bechukosai",
"More than Just a Calf and a Cow","Rabbi Benjamin Yudin","2002","Parsha: kisisa",
"Abuse it - Lose it","Rabbi Benjamin Yudin","2002","Parsha: toldos",
"The Dual Aspects of <I>Bein HaMetzarim</I> and <I>Tish'a B'Av</I>","Rabbi Yaakov Haber","2003","Moadim: 3weeks",
"<I>Sh'vi'i Shel Pesach</I>: The Climax of <I>Ge'ulas Mitzrayim</I>","Rabbi Yaakov Haber","2003","Moadim: pesach",
"<i>Chag HaSukkot</i>: The Festival of Divine Providence","Rabbi Yaakov Haber","2003","Moadim: sukkos",
"The Special Connection Between <I>Pesach</I> and <I>Shabbat</I>","Rabbi Michael Rosensweig","2003","Moadim: pesach",
"A Blueprint for <EM>Teshuvah</EM>","Rabbi Michael Rosensweig","2003","Moadim: roshHashana",
"The Secret of <I>Shmini</i> <I>Atzeres</I>","Rabbi Zvi Sobolofsky","2003","Moadim: succos",
"The Consolation of <I>Shabbos Nachamu</i>","Rabbi Mayer Twersky","2003","Moadim: nachamu",
"<I>V'Higadta L'Vincha</i>","Rabbi Mordechai Willig","2003","Moadim: vhigadta",
"You Ask for it - You Get it!","Rabbi Benjamin Yudin","2003","Moadim: chanukah",
"A Reaction Speaks Louder Than Words","Rabbi Benjamin Yudin","2003","Moadim: sefira",
"A Surprising Aspect of the Count: The Jewish Family","Rabbi Yaakov Haber","2003","Parsha: bamidbar",
"The Strength of the Few","Rabbi Yaakov Haber","2003","Parsha: kitissa",
"The Ultimate <I>Mikdash</I>","Rabbi Yaakov Haber","2003","Parsha: teruma",
"The Immense Effects of <i>Mitzvot</i>","Rabbi Yaakov Haber","2003","Parsha: vayeitze",
"The Totality of the <I>Aseres HaDib'ros</I>","Rabbi Yaakov Haber","2003","Parsha: yisro",
"<I>Ameilus B'Torah</I>","Rabbi Yaakov Neuburger","2003","Parsha: bchukosai",
"""Whatchamacallit"": Appreciating What We Are Given","Rabbi Yaakov Neuburger","2003","Parsha: bshalach",
"Performing Under Pressure","Rabbi Yaakov Neuburger","2003","Parsha: noach",
"What's In a Name","Rabbi Yaakov Neuburger","2003","Parsha: shlach",
"The Redemptive Process","Rabbi Yaakov Neuburger","2003","Parsha: shoftim",
"Longing for <I>Mitzvos</I>","Rabbi Yaakov Neuburger","2003","Parsha: tzav",
"Furthering the Vision","Rabbi Yaakov Neuburger","2003","Parsha: vayigash",
"The Role of the <I>Chacham</I> as Reflected in <I>Nedarim</I>","Rabbi Michael Rosensweig","2003","Parsha: matos",
"A Blueprint for <EM>Teshuvah</EM>","Rabbi Michael Rosensweig","2003","Parsha: roshHashana",
"The Role and Symbol of the <I>Tzitz</I>","Rabbi Michael Rosensweig","2003","Parsha: tezaveh",
"Who is Yitzchak and what is his legacy?","Rabbi Michael Rosensweig","2003","Parsha: toldos",
"Torah, Yisroel, and <EM>Bikurim</EM>","Rabbi Yonasan Sacks","2003","Parsha: kisavo",
"With Fire And Water","Rabbi Yonasan Sacks","2003","Parsha: korach",
"<i>Tamim Tihye</i>","Rabbi Yonasan Sacks","2003","Parsha: lech",
"<I>Mishkan</I>: Sanctioned and Unifying","Rabbi Yonasan Sacks","2003","Parsha: shmini",
"Ego and Humility in Torah Study","Rabbi Herschel Schachter","2003","Parsha: chukas",
"The Sixth <EM>Sedrah</EM>","Rabbi Herschel Schachter","2003","Parsha: kitetzei",
"Did the Rabbi Distort the <I>Psak</I>?","Rabbi Herschel Schachter","2003","Parsha: mishpatim",
"The Messiah Complex","Rabbi Herschel Schachter","2003","Parsha: vayera",
"<EM>Yerushalayim</EM> - The Ultimate Good","Rabbi Zvi Sobolofsky","2003","Parsha: eikev",
"<I>Omer</I> and <I>Shtei Halechem</I>: Two Sides of Man","Rabbi Zvi Sobolofsky","2003","Parsha: emor",
"A Blessing with Joy","Rabbi Zvi Sobolofsky","2003","Parsha: naso",
"<I>Shulchan</I> and <I>Menorah</I>: A Dual Challenge","Rabbi Zvi Sobolofsky","2003","Parsha: pikudei",
"The Survival of the Wheat - A Lesson for Pharoh And For Us","Rabbi Zvi Sobolofsky","2003","Parsha: vaera",
"Sharing a Destiny","Rabbi Zvi Sobolofsky","2003","Parsha: vayeishev",
"The Blessing of Life, the Reality of Death","Rabbi Mayer Twersky","2003","Parsha: haazinu",
"You Shall Be Holy <SUP>(1)</SUP>","Rabbi Mayer Twersky","2003","Parsha: kedoshim",
"The Source of <I>Kedusha</I>","Rabbi Mayer Twersky","2003","Parsha: vayakhel",
"A People of Destiny","Rabbi Mayer Twersky","2003","Parsha: vayishlach",
"Choosing a Spouse","Rabbi Mordechai Willig","2003","Parsha: chayaysara",
"<I>Hanistaros Lashem Elokienu</I>","Rabbi Mordechai Willig","2003","Parsha: netzavim",
"Leadership","Rabbi Mordechai Willig","2003","Parsha: pinchas",
"Making Sense out of ""Nunsense""","Rabbi Benjamin Yudin","2003","Parsha: behalos",
"<I>Chessed</I>: Life Assurance That Offers Life Insurance","Rabbi Benjamin Yudin","2003","Parsha: bo",
"Birth-Day Presence","Rabbi Benjamin Yudin","2003","Parsha: braishis",
"Even If at First You Don't Succeed","Rabbi Benjamin Yudin","2003","Parsha: reeh",
"Misfortune or a Fortunate Miss","Rabbi Benjamin Yudin","2003","Parsha: vayikra",
"<i>Pesach</i> and <i>T'chiyas HaMeisim</i>","Rabbi Yaakov Haber","2004","Moadim: pesach",
"<I>Chag HaSukkos</i>: The <i>Tishrei</i> Connection","Rabbi Yaakov Haber","2004","Moadim: sukkos",
"Respect and Appreciation for One Another","Rabbi Yaakov Neuburger","2004","Moadim: lagbomer",
"Approaching Rosh Hashana: How To Earn His Patience and Tolerance","Rabbi Yaakov Neuburger","2004","Moadim: rh",
"The Essence of Chanukah: The Relationship of <i>Halachic</i> Commitment and Performance","Rabbi Michael Rosensweig","2004","Moadim: chanukah",
"<i>Chag haPesach</i>: The Ideal Introduction to <i>Chag haMatzot</i>","Rabbi Michael Rosensweig","2004","Moadim: pesach",
"The Dual Nature of <I>Tisha Ba'av</I>","Rabbi Yonasan Sacks","2004","Moadim: tishabaav",
"Why Was the Torah Forced Upon Us?","Rabbi Herschel Schachter","2004","Moadim: shavuos",
"Yom Kippur, the <i>Yom Tov</i> of <i>Torah Shebeal Peh</i>","Rabbi Hershel Schachter","2004","Moadim: yk",
"Double Consolation","Rabbi Mordechai Willig","2004","Moadim: nachamu",
"Potential and Actual","Rabbi Mordechai Willig","2004","Moadim: shevat",
"<i>Amaleik</i>, <i>Kaddish, </i>and the Unity of G-d's Name","Rabbi Yaakov Haber","2004","Parsha: bshalach",
"<i>Ish Ha'Adama</i> vs. <i>Ish Elokim</i>: Personal Growth and <i>Chessed</i>","Rabbi Yaakov Haber","2004","Parsha: noach",
"The <I>Cheit HaM&rsquo;rag&rsquo;lim </I>and Three <I>Mitzvot</I>","Rabbi Yaakov Haber","2004","Parsha: shlach",
"<I>Achdus K'lal Yisrael - </i>Diversified Unity","Rabbi Yaakov Haber","2004","Parsha: vayigash",
"Pinchas vs. Zimri: Authority vs. Anarchy","Rabbi Yaakov Neuburger","2004","Parsha: pinchas",
"A Legacy and a Prayer","Rabbi Yaakov Neuburger","2004","Parsha: shemos",
"Two Tents of Education: The <I>Yeshiva</I> and the Home","Rabbi Yaakov Neuburger","2004","Parsha: toldos",
"<I>Parshat Behalotekhah</I>: Ingredients of Rabbinic Leadership","Rabbi Michael Rosensweig","2004","Parsha: behalos",
"The Central Role of <i>Eretz Yisrael</i> in Torah Life","Rabbi Michael Rosensweig","2004","Parsha: beraishis",
"The Leadership Partnership of Moshe and Aharon","Rabbi Michael Rosensweig","2004","Parsha: bo",
"<I>Mitzvot</I> <I>Kallot</I> as a Litmus Test of Religious Commitment","Rabbi Michael Rosensweig","2004","Parsha: eikev",
"<I>Kedushas Hazman</I>","Rabbi Yonasan Sacks","2004","Parsha: behar",
"The Joy of Learning","Rabbi Yonasan Sacks","2004","Parsha: kitissa",
"<I>Beracha U'Klala</I>","Rabbi Yonasan Sacks","2004","Parsha: netzavim",
"The Legacy of Yaakov <i>Avinu</i>","Rabbi Yonasan Sacks","2004","Parsha: vayechi",
"Foundations of <i>Tefila</i>","Rabbi Yonasan Sacks","2004","Parsha: vayetse",
"Can Women Be Rabbis?","Rabbi Hershel Schachter","2004","Parsha: dvorim2",
"The Prayer of the Jews in Egypt","Rabbi Herschel Schachter","2004","Parsha: shemos",
"Torah and <i>Nevuah</i>","Rabbi Herschel Schachter","2004","Parsha: tzav",
"National Pride","Rabbi Herschel Schachter","2004","Parsha: vayishlach",
"<I>Parah Adumah</I> and the Parameters of Human Knowledge","Rabbi Zvi Sobolofsky","2004","Parsha: chukas",
"<I>Chesed</I> - A Prerequisite for Marriage","Rabbi Zvi Sobolofsky","2004","Parsha: kiteitsei",
"The Creation of a Nation","Rabbi Zvi Sobolofsky","2004","Parsha: lech",
"Bringing the <i>Shechina</i> Into Our Homes","Rabbi Zvi Sobolofsky","2004","Parsha: metsora",
"All Men Are Created Equal","Rabbi Zvi Sobolofsky","2004","Parsha: mishpatim",
"Yosef's Life: The Fitting Conclusion to <i>Sefer Braishis</i>","Rabbi Zvi Sobolofsky","2004","Parsha: vayechi",
"The Ruinous Path of Self-Deception","Rabbi Mayer Twersky","2004","Parsha: korach",
"The Humility to Defer","Rabbi Mayer Twersky","2004","Parsha: shmini",
"The Heresy of Hubris","Rabbi Mayer Twersky","2004","Parsha: shoftim",
"Praying for the Right Thing","Rabbi Mayer Twersky","2004","Parsha: vayera",
"Encountering <i>Kedusha</i>","Rabbi Mayer Twersky","2004","Parsha: yisro",
"Unified Diversity in <I>Avodas Hashem</I>","Rabbi Mordechai Willig","2004","Parsha: naso",
"The Loss of a Loved One","Rabbi Mordechai Willig","2004","Parsha: reeh",
"Reuven's <i>Teshuva</i>: A Model for Life-Long Growth","Rabbi Mordechai Willig","2004","Parsha: vayeshev",
"Selflessness and Selfism","Rabbi Mordechai Willig","2004","Parsha: vayikra",
"Paradise Found!","Rabbi Benjamin Yudin","2004","Parsha: balak",
"Turning Grey into Gold","Rabbi Benjamin Yudin","2004","Parsha: chayeysara",
"The Torah Gives ""Allot"" to Every Jew","Rabbi Benjamin Yudin","2004","Parsha: kedoshim",
"If At first You Don't Succeed...","Rabbi Benjamin Yudin","2004","Parsha: kitavo",
"The <i>Mishkan</i>: A Different Kind of Group Home","Rabbi Benjamin Yudin","2004","Parsha: terumah",
"<I>Y'tzias Mitzrayim</I>: The Source of <i>Kabbalas Ol Malchus Shamayim</i>","Rabbi Yaakov Haber","2005","Moadim: pesach",
"<I>K'riat Sh'ma</i> and the Festivals of <i>Tishrei</i>","Rabbi Yaakov Haber","2005","Moadim: sukkot",
"Maintaining Torah Through Healthy Respect","Rabbi Yaakov Neuburger","2005","Moadim: sefira",
"<i>Teshuvah</i> on Yom Kippur","Rabbi Michael Rosensweig","2005","Moadim: yk",
"The Uniqueness of Purim","Rabbi Yonasan Sacks","2005","Moadim: purim",
"Remembering the Beginning","Rabbi Herschel Schachter","2005","Moadim: rh",
"The Dual Victory of <i>Chanukah</i>","Rabbi Zvi Sobolofsky","2005","Moadim: chanukah",
"<i>Emunah</i> and <i>Masorah</i>","Rabbi Mayer Twersky","2005","Moadim: pesach",
"Atonement on <i>Yom Kippur</i>","Rabbi Mordechai Willig","2005","Moadim: yk",
"When is every day a <i>Mann</i>-day?","Rabbi Benjamin Yudin","2005","Moadim: sefira",
"Adar-ation: Gratitude to the Multitude","Rabbi Benjamin Yudin","2005","Moadim: shekalim",
"The Dual Themes of the Clarion Call","Rabbi Yaakov Haber","2005","Parsha: behaalos",
"Threefold Purpose of Blessings","Rabbi Yaakov Haber","2005","Parsha: eikev",
"<I>Mikdash</i>: The Conduit of Divine Sustenance","Rabbi Yaakov Haber","2005","Parsha: terumah",
"<i>VaYeishev </i>and <i>Chanuka </i>: A Different Outlook on the World","Rabbi Yaakov Haber","2005","Parsha: vayeishev",
"Broadening Impact by Strengthening the Core","Rabbi Yaakov Neuburger","2005","Parsha: balak",
"Address the Culture, Not Just the Criminal","Rabbi Yaakov Neuburger","2005","Parsha: kiteitsei",
"<i>Shalom Bayis</i>","Rabbi Yaakov Neuburger","2005","Parsha: vayera",
"Hearing the Call","Rabbi Yaakov Neuburger","2005","Parsha: vayikra",
"<i>Eretz Yisrael</i>: The Heritage of the Jewish People","Rabbi Michael Rosensweig","2005","Parsha: massei",
"<i>Hishamer be-Nega ha-Ttzaraat</i>: The Challenge of Overcoming Human Pettiness","Rabbi Michael Rosensweig","2005","Parsha: metzora",
"The Unique and Spiritually Ambitious Role of the <i>Mizbeach ha-Ketoret</i>","Rabbi Michael Rosensweig","2005","Parsha: tetzaveh",
"Persistence and Initiative in <I></i>Avodat Hashem</i>","Rabbi Michael Rosensweig","2005","Parsha: vayetse",
"The Uniqueness of the <i>Tochachah</i>","Rabbi Yonasan Sacks","2005","Parsha: bechukosai",
"<i>Lechem Min Hashomayim</i>: The Miracle of the <i>Mann</i>","Rabbi Yonasan Sacks","2005","Parsha: beshalach",
"<i>Nichum Aveilim</i> and <i>Bikur Cholim</i>","Rabbi Yonasan Sacks","2005","Parsha: chayey",
"Perspectives of <i>Bikurim</i>","Rabbi Yonasan Sacks","2005","Parsha: kitavo",
"Perspective on the <i>Omer</i> and <i>Shtei Halechem</i>","Rabbi Yonasan Sacks","2005","Parsha: pinchas",
"Finding the Hidden Link","Rabbi Herschel Schachter","2005","Parsha: bamidbar",
"Straightening Out Our Priorities","Rabbi Hershel Schachter","2005","Parsha: matos",
"<i>Derech Halimud</i>","Rabbi Herschel Schachter","2005","Parsha: shmini",
"Our Dual Relationship with the Secular World","Rabbi Hershel Schachter","2005","Parsha: vayishlach",
"The Breaking of the Glass","Rabbi Herschel Schachter","2005","Parsha: yisro",
"The Purpose of Creation","Rabbi Zvi Sobolofsky","2005","Parsha: breishis",
"<i>Parshas Kedoshim</i> - An Awesome Experience","Rabbi Zvi Sobolofsky","2005","Parsha: kedoshim",
"The Job of a Levi","Rabbi Zvi Sobolofsky","2005","Parsha: korach",
"The Ultimate Joy","Rabbi Zvi Sobolofsky","2005","Parsha: reeh",
"The Thirty Ninth <i>Melacha</i> - the Dual Message of <i>Shabbos</i>","Rabbi Zvi Sobolofsky","2005","Parsha: vayakhel",
"Having the Time of Your Life","Rabbi Mayer Twersky","2005","Parsha: bo",
"Learning to be Free","Rabbi Mayer Twersky","2005","Parsha: kisisa",
"Knowledge and Belief","Rabbi Mayer Twersky","2005","Parsha: korach",
"The Waters of Apathy","Rabbi Mayer Twersky","2005","Parsha: noach",
"<i>Sinas Chinam</i>","Rabbi Mordechai Willig","2005","Parsha: devarim",
"Unity","Rabbi Mordechai Willig","2005","Parsha: mishpatim",
"<i>Birchas Kohanim: L'bracha V'lo L'klala</i>","Rabbi Mordechai Willig","2005","Parsha: naso",
"Overlooking the Faults of Others","Rabbi Mordechai Willig","2005","Parsha: tazria",
"Raising Children","Rabbi Mordechai Willig","2005","Parsha: toldos",
"Between a Rock and a Hard Place","Rabbi Benjamin Yudin","2005","Parsha: chukas",
"Big <i>Kiddush</i> vs. Big <i>Kiddush Hashem</i>","Rabbi Benjamin Yudin","2005","Parsha: lech",
"Group Benefits","Rabbi Benjamin Yudin","2005","Parsha: shoftim",
"Irony: A Divine Solution","Rabbi Benjamin Yudin","2005","Parsha: vaeira",
"The Waters of Apathy","Rabbi Mayer Twersky","2005","Parsha: noach",
"Chanukah as a Holiday of Idealism and Maximalism","Rabbi Michael Rosensweig","2006","Moadim: chanukah",
"<i>Matzah</i> as an Expression of <i>Hodaah</i>","Rabbi Michael Rosensweig","2006","Moadim: pesach",
"<i>Vehayita Ach Sameach</i>: The Joy of <i>Shemini Azeret</i>","Rabbi Michael Rosensweig","2006","Moadim: succos",
"<i>Sheva d'Nechemta</i>: The <i>Haftoros</i> of Consolation","Rabbi Yonasan Sacks","2006","Moadim: nechemta",
"True <i>Simcha</i>","Rabbi Hershel Schachter","2006","Moadim: pesach",
"Is G-d Still Talking to Us?","Rabbi Hershel Schachter","2006","Moadim: shavuos",
"One Continuum of Jewish History","Rabbi Hershel Schachter","2006","Moadim: succos",
"<i>Teshuva</i>: In Your Mouth and In Your Heart","Rabbi Mayer Twersky","2006","Moadim: teshuva",
"In Dire Straits: Then and Now","Rabbi Mordechai Willig","2006","Moadim: 3weeks",
"Going Sho-Far For Hashem","Rabbi Benjamin Yudin","2006","Moadim: rh",
"The Rivers Out of Eden, Choices, and Return to Eden","Rabbi Yaakov Haber","2006","Parsha: braishis",
"The Methodology of Kindness","Rabbi Yakov Haber","2006","Parsha: mikeitz",
"True Prophecy, False Prophecy, Tests of Faith and Preserving Faith","Rabbi Yaakov Haber","2006","Parsha: reeh",
"Yehoshua and Kaleiv: Two Mechanisms of Spiritual Success","Rabbi Yaakov Haber","2006","Parsha: shlach",
"The <i>Kashrus</i> Laws and <i>Ta'amei HaMitzvot</i>","Rabbi Yaakov Haber","2006","Parsha: shmini",
"<I>Mikdash</i> and <i>Shabbat: </i>Two Reflections of the Same Reality","Rabbi Yaakov Haber","2006","Parsha: vayakhel",
"<I>Lo Tachmod</i>: <i>Mazal</i>, Destiny and the Prohibition Against Coveting","Rabbi Yaakov Haber","2006","Parsha: yisro",
"Beginnings","Rabbi Yaakov Neuburger","2006","Parsha: kiteitsei",
"A Return Visit's <i>Kiddush Hashem</i>","Rabbi Yaakov Neuburger","2006","Parsha: lechlecha",
"Repair the Past, Dedicate the Future","Rabbi Yaakov Neuburger","2006","Parsha: metzora",
"The Pride of Ownership: Material and Spiritual","Rabbi Yaakov Neuburger","2006","Parsha: mishpatim",
"Leadership Focused on the Individual","Rabbi Yaakov Neuburger","2006","Parsha: pinchas",
"Pesach <i>Sheni</i>: A Quest for Spiritual Opportunity and National Identity","Rabbi Michael Rosensweig","2006","Parsha: behalos",
"The Art and Urgency of Prayer","Rabbi Michael Rosensweig","2006","Parsha: beshalach",
"The Rigorous Simplicity of <i>Temimut</i>","Rabbi Michael Rosensweig","2006","Parsha: shoftim",
"The Primacy and Accessibility of Torah","Rabbi Yonasan Sacks","2006","Parsha: nasso",
"The Gift of Vision","Rabbi Yonasan Sacks","2006","Parsha: noach",
"<i>Modim Anachnu Lach</i> - Perspectives on Giving Thanks","Rabbi Yonasan Sacks","2006","Parsha: vaera",
"<i>Aschalta Degeula</i>: Harmony and Reconciliation","Rabbi Yonasan Sacks","2006","Parsha: vayigash",
"<I>Shevuas Haeidus</i> - The Oath of Testimony","Rabbi Yonasan Sacks","2006","Parsha: vayikra",
"<i>Am Yisroel Chai</i>","Rabbi Hershel Schachter","2006","Parsha: bo",
"Intermarriage","Rabbi Hershel Schachter","2006","Parsha: vaeschanan",
"A Fence Around the Torah - The Key to <i>Yiras Shomayim</i>","Rabbi Zvi Sobolofsky","2006","Parsha: acharei",
"Reading In Between the Lines","Rabbi Zvi Sobolofsky","2006","Parsha: balak",
"A Personal Story","Rabbi Zvi Sobolofsky","2006","Parsha: kisavo",
"Geographic Sanctity - The <i>Mishkan</i> and <i>Eretz Yisroel</i>","Rabbi Zvi Sobolofsky","2006","Parsha: terumah",
"Ethics and Religion - The Legacy of Avraham","Rabbi Zvi Sobolofsky","2006","Parsha: vayera",
"Interment and Eternity: The <i>Mitzvah</i> of <i>Kevuras Hameis</i> (Burial)","Rabbi Mayer Twersky","2006","Parsha: chayey",
"<i>Shabbos</i>","Rabbi Mayer Twersky","2006","Parsha: emor",
"Consistency","Rabbi Mayer Twersky","2006","Parsha: vayigash",
"Beware","Rabbi Mayer Twersky","2006","Parsha: vayishlach",
"Above the Law","Rabbi Mordechai Willig","2006","Parsha: bamidbar",
"Moshe and Aharon","Rabbi Mordechai Willig","2006","Parsha: shemos",
"Sins of the Soul","Rabbi Mordechai Willig","2006","Parsha: tezaveh",
"Love and Hate","Rabbi Mordechai Willig","2006","Parsha: vayetse",
"Seeking a Position with No Benefits","Rabbi Benjamin Yudin","2006","Parsha: behar",
"Holy Cow! You're Only Human","Rabbi Benjamin Yudin","2006","Parsha: kisisa",
"Parental Guidance Suggested","Rabbi Benjamin Yudin","2006","Parsha: matos",
"A Man's Work is Never Done","Rabbi Benjamin Yudin","2006","Parsha: toldos",
"Invest in Futures - G-d Does","Rabbi Benjamin Yudin","2006","Parsha: vayechi",
"<i>Shabbos</i> and <i>Teshuva</i>: Remaking the World, Remaking the Self","Rabbi Yakov Haber","2007","Moadim: shuva",
"The <i>Ketores</i>, <i>Chessed</i>, and <i>Purim</i>","Rabbi Yaakov Neuburger","2007","Moadim: purim",
"Reflections on <i>Yom ha-Atzmaut</i>: <i>Eretz Yisrael</i> as a Framework for <i>Kedushah</i> and Spiritual Opportunity","Rabbi Michael Rosensweig","2007","Moadim: israel",
"The Character of <i>Ta'anis Esther</i>","Rabbi Yonasan Sacks","2007","Moadim: esther",
"<i>Zichron Teruah</i>: Perspectives on <i>Tekiyas Shofar</i>","Rabbi Yonasan Sacks","2007","Moadim: shofar",
"MeiAfeila L'Orah","Rabbi Yonasan Sacks","2007","Moadim: tishbav",
"In the Pursuit of Happiness","Rabbi Hershel Schachter","2007","Moadim: elul",
"Angels or Sinners - Who Are We?","Rabbi Zvi Sobolofsky","2007","Moadim: yomkippur",
"The Opportunity of <i>Chanukah</i>","Rabbi Mayer Twersky","2007","Moadim: chanukah",
"<i>Shabbos Hagadol</i>","Rabbi Mayer Twersky","2007","Moadim: gadol",
"<i>Succos</i>: A Time for <i>Teshuva</i>","Rabbi Mayer Twersky","2007","Moadim: succos",
"<i>Pesach</i> - The Holiday of Faith","Rabbi Mordechai Willig","2007","Moadim: pesach",
"Chanukah Cleaning","Rabbi Benjamin Yudin","2007","Moadim: chanukah",
"Not Just Lip Service","Rabbi Benjamin Yudin","2007","Moadim: pesach",
"Success Is In the Palm of Your Hand","Rabbi Benjamin Yudin","2007","Moadim: succos",
"The Prohibition of <i>Arayot</i>: Some Surprising Reasons","Rabbi Yakov Haber","2007","Parsha: acharei",
"Divine Communication: Two Different Types","Rabbi Yakov Haber","2007","Parsha: balak",
"<i>G'milut Chassadim:</i> Cornerstone of the World and of the Jewish Nation","Rabbi Yakov Haber","2007","Parsha: chayey",
"The Divine Presence: The Hidden and The Revealed","Rabbi Yakov Haber","2007","Parsha: terumah",
"Challenges to Faith: the Pharaoh Syndrome<a href=""#_ftn1"" name=""_ftnref1"" title="""">[1]</a>","Rabbi Yakov Haber","2007","Parsha: vaera",
"The <i>Vov</i>s of <i>Geula</i>","Rabbi Yaakov Neuburger","2007","Parsha: bechukosai",
"A Longing for Torah and the Power of Prayer","Rabbi Yaakov Neuburger","2007","Parsha: kisovo",
"We All Had to Contribute; We All have to Reflect","Rabbi Yaakov Neuburger","2007","Parsha: matos",
"Keeping <i>Galus</i> In Perspective","Rabbi Yaakov Neuburger","2007","Parsha: vayechi",
"Step Lively and Watch the Opening Doors","Rabbi Yaakov Neuburger","2007","Parsha: vayetse",
"<i>Zot Chukat haTorah</i>: The Role of <i>Chukim</i> in Torah Study and Commitment","Rabbi Michael Rosensweig","2007","Parsha: chukas",
"Confronting and Overcoming Human Weakness","Rabbi Michael Rosensweig","2007","Parsha: kiteitsei",
"<i>Naaseh ve-Nishma</i>: The Cultivation of a Torah Personality","Rabbi Michael Rosensweig","2007","Parsha: mishpatim",
"<i>Yirat Shamayim</i> As An Approach to Life and As A Legacy","Rabbi Michael Rosensweig","2007","Parsha: shemos",
"""<i>Vayeira Elav </i>Hashem"": Experiencing Hashem's Presence in Torah Life","Rabbi Michael Rosensweig","2007","Parsha: vayera",
"<i>Kedoshim Yihiyu</i>","Rabbi Yonason Sacks","2007","Parsha: emor",
"Selling the <i>Bechora</i>: How and Why","Rabbi Yonason Sacks","2007","Parsha: toldos",
"It's Just Plain Common Sense","Rabbi Hershel Schachter","2007","Parsha: korach",
"When do we ""<i>Duchen</i>""?","Rabbi Hershel Schachter","2007","Parsha: shmini",
"<i>Gam Zu Letova</i>","Rabbi Hershel Schachter","2007","Parsha: vayechi",
"Interacting Directly With Hashem","Rabbi Hershel Schachter","2007","Parsha: yisro",
"You Can Be a <i>Kohein</i> and a King","Rabbi Zvi Sobolofsky","2007","Parsha: bamidbar",
"<i>Eretz Chemda</i>","Rabbi Zvi Sobolofsky","2007","Parsha: devarim",
"Gratitude - The Legacy of Moshe","Rabbi Zvi Sobolofsky","2007","Parsha: shemos",
"Holiness from Above and Below","Rabbi Zvi Sobolofsky","2007","Parsha: vayakhel",
"Home Improvements - The Legacy of Yaakov and Rabbi Shimon Bar Yochai","Rabbi Zvi Sobolofsky","2007","Parsha: vayishlach",
"The Dangers of Drinking; Consolidating Spiritual Gains","Rabbi Mayer Twersky","2007","Parsha: naso",
"Sojourners and Residents","Rabbi Mayer Twersky","2007","Parsha: vaera",
"Hashem <i>Echad</i> and Love of Hashem","Rabbi Mayer Twersky","2007","Parsha: vaeschanan",
"Defying Nature","Rabbi Mordechai Willig","2007","Parsha: beshalach",
"Secure, Solitary and Modest","Rabbi Mordechai Willig","2007","Parsha: miketz",
"Choices: Intermarriage and Internet","Rabbi Mordechai Willig","2007","Parsha: reeh",
"<i>Cheit Hameraglim</i>: Then and Now","Rabbi Mordechai Willig","2007","Parsha: shlach",
"Not Just <i>Halacha</i>","Rabbi Benjamin Yudin","2007","Parsha: bahalos",
"Do You Believe in Miracles? Is It One of the 613?","Rabbi Benjamin Yudin","2007","Parsha: bo",
"<i>Birkas Hamazon</i> - A Blessing in Disguise","Rabbi Benjamin Yudin","2007","Parsha: eikev",
"Purim's Lesson for a Time of Crisis","Rabbi Yaakov Neuburger","2008","Moadim: purim",
"Becoming Bound To Each Other and To Hashem","Rabbi Yaakov Neuburger","2008","Moadim: teshuva",
"<i>Ahavat Hashem</i>: The <i>Teshuvah</i> of <i>Chodesh</i> Elul","Rabbi Michael Rosensweig","2008","Moadim: elul",
"<i>U'Mipnai Chatoeinu</i>","Rabbi Yonason Sacks","2008","Moadim: 3weeks",
"Two <i>Geulot</i>, One Message","Rabbi Yonason Sacks","2008","Moadim: purim",
"The Relationship Between <i>Yetziyas Mitzrayim</i> and <i>Kabbalas Ha'Torah</i>","Rabbi Yonason Sacks","2008","Moadim: sefira",
"Will the Real Adar Please Step Forward","Rabbi Hershel Schachter","2008","Moadim: adar",
"It's All One Matza","Rabbi Hershel Schachter","2008","Moadim: pesach",
"<i>Succos</i>: A Call to <i>Teshuva</i>","Rabbi Mayer Twersky","2008","Moadim: succos",
"Seeing Clearly","Rabbi Mordechai Willig","2008","Moadim: pesach",
"The Mourning Due","Rabbi Benjamin Yudin","2008","Moadim: 9av",
"Torah: Spiritual CPR","Rabbi Benjamin Yudin","2008","Moadim: shavuos",
"Weather Forecast for <i>Sukkos</i>: Cloudy","Rabbi Benjamin Yudin","2008","Moadim: sukkos",
"Every Person a Star","Rabbi Yakov Haber","2008","Parsha: balak",
"Preserving the Precious","Rabbi Yakov Haber","2008","Parsha: emor",
"<i>Bein Soreir U'Moreh</i>: The Child at Risk","Rabbi Yakov Haber","2008","Parsha: kiteitsei",
"The ""Hidden"" Lesson of the Order of the Construction of the <i>Mishkan</i>","Rabbi Yakov Haber","2008","Parsha: pekudei",
"Challenges to Faith: the Pharaoh Syndrome<a href=""#_ftn1"" name=""_ftnref1"" title="""">[1]</a>","Rabbi Yakov Haber","2008","Parsha: vaera",
"Preserving the Miraculous","Rabbi Yaakov Haber","2008","Parsha: vayera",
"Torah Study for the Over-Committed","Rabbi Yaakov Neuburger","2008","Parsha: bechukosai",
"The Magic of <i>Torah</i>","Rabbi Yaakov Neuburger","2008","Parsha: beshalach",
"<i>Tevilas Keilim</i> and the Sanctity of the Jewish Family","Rabbi Yaakov Neuburger","2008","Parsha: matos",
"The Blessed Life","Rabbi Yaakov Neuburger","2008","Parsha: toldos",
"<i>Kiddush</i> Hashem as a Component of National Leadership","Rabbi Michael Rosensweig","2008","Parsha: chukas",
"<i>Kedoshim Tihiyu</i>: The Obligation to Internalize <i>Halachic</i> Values and Adopt a <i>Halachic</i> World View","Rabbi Michael Rosensweig","2008","Parsha: kedoshim",
"Avraham <i>Avinu</i> and the Concept of <i>Emunah</i>","Rabbi Michael Rosensweig","2008","Parsha: lechlecha",
"The Relationship between <i>Shabbat</i> and the Construction of the <i>Mishkan</i>","Rabbi Michael Rosensweig","2008","Parsha: vayakhel",
"<i>Zechiras Yetziyas Mitzrayim</i>","Rabbi Yonason Sacks","2008","Parsha: bo",
"Faith and Reliance","Rabbi Yonason Sacks","2008","Parsha: chayey",
"<i>Arami Oveid Avi</i>","Rabbi Yonason Sacks","2008","Parsha: kisavo",
"An Area Versus A Line","Rabbi Hershel Schachter","2008","Parsha: korach",
"Reflections on ""Piety""","Rabbi Hershel Schachter","2008","Parsha: noach",
"Freedom of Choice","Rabbi Hershel Schachter","2008","Parsha: reeh",
"On Amassing Money","Rabbi Hershel Schachter","2008","Parsha: vayigash",
"Guarding the <i>Beis HaMikdash</i> - A Model for <i>Yiras Hashem</i>","Rabbi Zvi Sobolofsky","2008","Parsha: bamidbar",
"A Tribute to Aharon <i>Hakohen</i>","Rabbi Zvi Sobolofsky","2008","Parsha: masei",
"Traveling Through Life","Rabbi Zvi Sobolofsky","2008","Parsha: shmini",
"The Secret of <i>Yiras Shomayim</i>","Rabbi Zvi Sobolofsky","2008","Parsha: vayelech",
"Back to Yeshiva","Rabbi Zvi Sobolofsky","2008","Parsha: vayetse",
"<i>Shabbos</i> and <i>Shemittah</i>: Foundations for a Just Society","Rabbi Zvi Sobolofsky","2008","Parsha: yisro",
"The Greatest of Men","Rabbi Mayer Twersky","2008","Parsha: behalos",
"The Gift of Speech","Rabbi Mayer Twersky","2008","Parsha: metzora",
"Giving and Receiving","Rabbi Mayer Twersky","2008","Parsha: terumah",
"Do Not Despair","Rabbi Mayer Twersky","2008","Parsha: vaeschanan",
"Projecting One's Jewishness","Rabbi Mayer Twersky","2008","Parsha: vayeshev",
"The Financial Crisis: A Warning Shot?","Rabbi Mordechai Willig","2008","Parsha: breishis",
"Cleaving to <i>Chachamim</i>","Rabbi Mordechai Willig","2008","Parsha: eikev",
"Financial Gloom - A Precursor to Light?","Rabbi Mordechai Willig","2008","Parsha: miketz",
"Do Not Stray After Your Eyes","Rabbi Mordechai Willig","2008","Parsha: shlach",
"Disciples of Aharon: Refining <i>Middos</i> and Avoiding <i>Chilul Hashem</i>","Rabbi Mordechai Willig","2008","Parsha: tetzaveh",
"<i>Mishpatim</i>: The Starting Line","Rabbi Benjamin Yudin","2008","Parsha: mishpatim",
"<i>Parshas Hachodesh</i> &amp; <i>Tazria</i>: Pure Creativity","Rabbi Benjamin Yudin","2008","Parsha: tazria",
"Warrior Ya'akov - Defender of our People","Rabbi Benjamin Yudin","2008","Parsha: vayishlach",
"<i>Tu B'Av</i> - The Greatest of Our Holidays","Rabbi Dr. Abraham J. Twerski","2009","Moadim: 15av",
"Interpersonal <I>Teshuva</I>","Rabbi Dr. Abraham J. Twerski","2009","Moadim: elul",
"Instinctive Gratitude","Rabbi Yakov Haber","2009","Moadim: chazon",
"Renewal and Enthusiasm","Rabbi Yakov Haber","2009","Moadim: hachodesh",
"And Rejoice in Trembling: the <i>Mitzva </i>of <i>Seu'dat Erev Yom Kippur</i>","Rabbi Yakov Haber","2009","Moadim: yk",
"<i>Al Hanissim</i>: Defining a Nation Through War","Rabbi Yaakov Neuburger","2009","Moadim: chanukah",
"From <i>Birchas Hachama</i> to <i>Hallel Hagadol</i>","Rabbi Yaakov Neuburger","2009","Moadim: pesach",
"<i>Yom Teruah</i> and <i>Zikhron Teruah</i>: The Centrality of <i>Mitzvat Shofar</i> even on <i>Shabbat Rosh Hashanah</i>","Rabbi Michael Rosensweig","2009","Moadim: rh",
"<i>Hadlakas Neiros</i>","Rabbi Yonason Sacks","2009","Moadim: chanukah",
"The <i>Arba Kosos</i>","Rabbi Yonason Sacks","2009","Moadim: pesach",
"<i>Yachatz</i>","Rabbi Yonason Sacks","2009","Moadim: pesach2",
"<i>Eruv Tavshilin</i>","Rabbi Yonason Sacks","2009","Moadim: shavuos",
"<i>Parshas Zachor</i>","Rabbi Hershel Schachter","2009","Moadim: zachor",
"A Lesson for Eternity","Rabbi Zvi Sobolofsky","2009","Moadim: chanukah",
"Time is of the Essence","Rabbi Zvi Sobolofsky","2009","Moadim: pesach",
"The Joy of Adar","Rabbi Mordechai Willig","2009","Moadim: purim",
"Minor Fast, Major Decision","Rabbi Benjamin Yudin","2009","Moadim: 10teves",
"Adam - A Unique Individual","Rabbi Dr. Abraham J. Twerski","2009","Parsha: breishis",
"Marriage that Endures","Rabbi Dr. Abraham J. Twerski","2009","Parsha: chayey",
"Reaching Old Age: Victory or Defeat?","Rabbi Dr. Abraham J. Twerski","2009","Parsha: kedoshim",
"""Do Not Sin Against The Child"": Divorce Involving Children","Rabbi Dr. Abraham J. Twerski","2009","Parsha: miketz",
"Life, Liberty, and the Pursuit of Misery","Rabbi Dr. Abraham J. Twerski","2009","Parsha: nitzavim",
"The Lesson of Noach","Rabbi Dr. Abraham J. Twerski","2009","Parsha: noach",
"""Who is honored? He who honors others"" (<i>Pirke Avos</i> 4:1)","Rabbi Dr. Abraham J. Twerski","2009","Parsha: shlach",
"The <i>Mussar</i> of Greek Mythology","Rabbi Dr. Abraham J. Twerski","2009","Parsha: vaeschanan",
"<i>Akeidah</i>","Rabbi Dr. Abraham J. Twerski","2009","Parsha: vayera",
"Distance and Closeness","Rabbi Yakov Haber","2009","Parsha: bamidbar",
"Missed Opportunities and Seizing the Moment","Rabbi Yakov Haber","2009","Parsha: shemos",
"Envy: The Prohibited, the Permissible and the Recommended<a href=""#_ftn1"" name=""_ftnref1"" title="""">[1]</a>","Rabbi Yakov Haber","2009","Parsha: vayetsei",
"Get the Message","Rabbi Yaakov Neuburger","2009","Parsha: bo",
"<i>V'osiso Hayashar Veahatov</i>","Rabbi Yaakov Neuburger","2009","Parsha: eikev",
"Saving a Marriage","Rabbi Yaakov Neuburger","2009","Parsha: naso",
"Grass Roots Ownership of the Torah","Rabbi Yaakov Neuburger","2009","Parsha: vezos",
"Intensity in Torah Study","Rabbi Michael Rosensweig","2009","Parsha: bechukotai",
"<i>Machzit ha-Shekel</i> as a Census Methodology","Rabbi Michael Rosensweig","2009","Parsha: kisisa",
"The Perfection of Torah and the Role of <i>Nedarim</i>","Rabbi Michael Rosensweig","2009","Parsha: matos",
"Yaakov's Final Spiritual Bequest to His Children","Rabbi Michael Rosensweig","2009","Parsha: vayechi",
"Leaving <i>Eretz Yisroel</i>","Rabbi Hershel Schachter","2009","Parsha: chayey",
"<I>Lechem Hapanim</I> ,<I> Shemiras Shabbos,</I> and <I>Parnassah</I>","Rabbi Hershel Schachter","2009","Parsha: emor",
"Jews: The Real <i>Goyim</i>","Rabbi Hershel Schachter","2009","Parsha: nitzavim",
"A Song of Joy","Rabbi Zvi Sobolofsky","2009","Parsha: behalos",
"Adding to Shabbos: A Model for <i>Avodas</i> Hashem","Rabbi Zvi Sobolofsky","2009","Parsha: bereishis",
"Loving Hashem in Many Ways","Rabbi Zvi Sobolofsky","2009","Parsha: beshalach",
"Sharing our Joy","Rabbi Zvi Sobolofsky","2009","Parsha: reeh",
"Recognizing Opportunities for Growth","Rabbi Mayer Twersky","2009","Parsha: lechlecha",
"Holiness and Individuality","Rabbi Mayer Twersky","2009","Parsha: mishpatim",
"Silence and Divine Presence","Rabbi Mayer Twersky","2009","Parsha: tazria",
"A Good Eye","Rabbi Mordechai Willig","2009","Parsha: kedoshim",
"Serving Hashem With Joy","Rabbi Mordechai Willig","2009","Parsha: kisavo",
"Polar Opposites","Rabbi Mordechai Willig","2009","Parsha: korach",
"Disciples of Avraham<i> Avinu</i>","Rabbi Mordechai Willig","2009","Parsha: vayera",
"Let's Cut to the Chase","Rabbi Benjamin Yudin","2009","Parsha: noach",
"Climbing to the Divine","Rabbi Benjamin Yudin","2009","Parsha: shlach",
"Backwards and Forwards","Rabbi Benjamin Yudin","2009","Parsha: shmini",
"<I>Glatt Yashar</i>","Rabbi Benjamin Yudin","2009","Parsha: shoftim",
"Timing is Everything","Rabbi Benjamin Yudin","2009","Parsha: yisro",
"<i>Zman Cheiruseinu:</i> An Independence Day Celebration?","Rabbi Dr. Abraham J. Twerski","2010","Moadim: pesach",
"The Superiority of Purim","Rabbi Dr. Abraham J. Twerski","2010","Moadim: purim",
"<i>Shavuos</i>: Dawn of Intellectual Emotion","Rabbi Dr. Abraham J. Twerski","2010","Moadim: shavuos",
"<i>Matza</i>: <i>Mitzva</i> and Theme of All of <i>Pesach</i>","Rabbi Yakov Haber","2010","Moadim: pesach",
"The <i>Elul Shofar</i>","Rabbi Yaakov Neuburger","2010","Moadim: elul",
"<i>Chanukah's</i> ""<i>Neirot ha-Maarachah</i>"": A Celebration of the Constancy and Comprehensiveness of Jewish Life","Rabbi Michael Rosensweig","2010","Moadim: chanukah",
"The Triad of Pesach, <i>Matzah</i>, <i>Marror</i>: <i>Marror</i> as a Catalyst for Faith and Redemption","Rabbi Michael Rosensweig","2010","Moadim: pesach",
"Three Pillars","Rabbi Yonason Sacks","2010","Moadim: 10teves",
"Where to Place the Menorah","Rabbi Hershel Schachter","2010","Moadim: chanukah",
"<i>Loshon Hora</i> in the <i>Sukkah</i>","Rabbi Hershel Schachter","2010","Moadim: sukkos",
"Remember Your Creator","Rabbi Mayer Twersky","2010","Moadim: teshuva",
"Separation","Rabbi Mordechai Willig","2010","Moadim: hachodesh",
"Communal Atonement","Rabbi Mordechai Willig","2010","Moadim: yk",
"The <I>Omer</I>: Grateful Beyond Measure","Rabbi Benjamin Yudin","2010","Moadim: omer",
"Belief Comes From Past Experience","Rabbi Benjamin Yudin","2010","Moadim: purim",
"The Search for Truth","Rabbi Dr. Abraham J. Twerski","2010","Parsha: balak",
"Spirituality Deficiency Syndrome","Rabbi Dr. Abraham J. Twerski","2010","Parsha: behalos",
"It's All in <i>Middos</i>","Rabbi Dr. Abraham J. Twerski","2010","Parsha: matos",
"Beware Your Mind!","Rabbi Dr. Abraham J. Twerski","2010","Parsha: shoftim",
"The Lessons of the Yosef Epic","Rabbi Dr. Abraham J. Twerski","2010","Parsha: vayigash",
"The Power of Belief","Rabbi Dr. Abraham J. Twerski","2010","Parsha: yisro",
"<i>Mann</i> and <i>Parnassa</i>","Rabbi Yakov Haber","2010","Parsha: beshalach",
"The Enormous Effects of Human Action<a href=""#_ftn1"" name=""_ftnref1"" title="""">[1]</a>","Rabbi Yakov Haber","2010","Parsha: noach",
"Return to the Land and Return to G-d","Rabbi Yakov Haber","2010","Parsha: reeh",
"<i>N'sachim</i>: Central Supplement of <i>Korbanot</i>","Rabbi Yakov Haber","2010","Parsha: shlach",
"The Extent of <i>Chessed</i>","Rabbi Yakov Haber","2010","Parsha: vayigash",
"Leveraging Futility in <i>Avodas</i> Hashem","Rabbi Yaakov Neuburger","2010","Parsha: chukas",
"Personalized vs. Standardized Observance of <i>Mitzvos</i>","Rabbi Yaakov Neuburger","2010","Parsha: mishpatim",
"<i>Galus</i> and Apathy","Rabbi Yaakov Neuburger","2010","Parsha: shemos",
"Consolidating Spiritual Highs","Rabbi Yaakov Neuburger","2010","Parsha: tazria",
"Avraham's <i>Tefillah</i> for Sodom","Rabbi Yaakov Neuburger","2010","Parsha: vayera",
"<i>Korban Pesach</i>: A Symbol of Faith and Commitment","Rabbi Michael Rosensweig","2010","Parsha: bo",
"Man's Creation <i>Betzelem Elokim</i>","Rabbi Michael Rosensweig","2010","Parsha: breishis",
"Only <i>Yirat Shamayim</i>? <i>Yirat Shamayim</i> as a Condition and Consequence of <i>Avodat</i> Hashem","Rabbi Michael Rosensweig","2010","Parsha: eikev",
"The <i>Mitzvah</i> of <i>Kiddush</i>","Rabbi Yonason Sacks","2010","Parsha: yisro",
"Modern Day Centrism","Rabbi Hershel Schachter","2010","Parsha: naso",
"On Freedom and Independence","Rabbi Hershel Schachter","2010","Parsha: vaeira",
"The <i>Aseres Hadibros</i>","Rabbi Hershel Schachter","2010","Parsha: vaeschanan",
"To Purify and Sanctify","Rabbi Zvi Sobolofsky","2010","Parsha: acharei",
"Fulfilling the Will of Hashem","Rabbi Zvi Sobolofsky","2010","Parsha: balak",
"Creating the Mood for <i>Rosh Hashana</i>","Rabbi Zvi Sobolofsky","2010","Parsha: kisavo",
"Coming Home to Visit","Rabbi Zvi Sobolofsky","2010","Parsha: teruma",
"The Eternal <i>Morasha</i>","Rabbi Zvi Sobolofsky","2010","Parsha: vaera",
"<i>Amalah Shel Torah</i>","Rabbi Mayer Twersky","2010","Parsha: bechukosai",
"Faith and Materialism","Rabbi Mayer Twersky","2010","Parsha: kisisa",
"The Virtue of Abstinence","Rabbi Mayer Twersky","2010","Parsha: matos",
"Fulfilling Destiny","Rabbi Mayer Twersky","2010","Parsha: vayetze",
"Modesty: A Timeless Principle","Rabbi Mordechai Willig","2010","Parsha: bamidbar",
"Modesty and Restraint","Rabbi Mordechai Willig","2010","Parsha: devarim",
"Confrontations and Tribulations","Rabbi Mordechai Willig","2010","Parsha: vayishlach",
"Group Coverage","Rabbi Benjamin Yudin","2010","Parsha: nitzavim",
"Rising to the Occasion","Rabbi Benjamin Yudin","2010","Parsha: pinchas",
"Truce For Truth","Rabbi Benjamin Yudin","2010","Parsha: toldos",
"Two Equal <i>Kedushos</i>","Rabbi Dr. Abraham J. Twerski","2011","Moadim: 15av",
"<i>Malchus</i>: The Theme of Rosh Hashanah","Rabbi Dr. Abraham J. Twerski","2011","Moadim: rh",
"<i>Shavuos</i> - A Recall Phenomenon","Rabbi Dr. Abraham J. Twerski","2011","Moadim: shavuos",
"Save Us for Your Sake","Rabbi Yakov Haber","2011","Moadim: pesach",
"The Message and Opportunity of <i>Rosh Chodesh</i>","Rabbi Yaakov Neuburger","2011","Moadim: hachodesh",
"<i>Neirot Chanukah</i>: A Cherished Expression of <i>Ahavat</i> and <i>Kidush</i> Hashem","Rabbi Michael Rosensweig","2011","Moadim: chanukah",
"The Conjunction of <i>Sippur</i> and <i>Zechirat</i> Mitzrayim","Rabbi Michael Rosensweig","2011","Moadim: pesach",
"<i>Shavuot</i>: Celebrating Human Responsibility and Involvement in the giving and receiving of the Torah","Rabbi Michael Rosensweig","2011","Moadim: shavuos",
"<I>Shemini Azeret</I>: The Contrast, Complement, and Culmination of <I>Sukkot</I>","Rabbi Michael Rosensweig","2011","Moadim: sukkot",
"Suffering and Salvation","Rabbi Yonason Sacks","2011","Moadim: pesach",
"The Light of Torah","Rabbi Hershel Schachter","2011","Moadim: rh",
"The ""Giving"" of the Torah","Rabbi Hershel Schachter","2011","Moadim: shavuos",
"Avenues of <i>Teshuva</i>","Rabbi Mayer Twersky","2011","Moadim: 9av",
"<I>Kabbolas HaTorah</i>","Rabbi Mayer Twersky","2011","Moadim: sefirah",
"The Faith of Shmuel <i>Hanavi</i>","Rabbi Mayer Twersky","2011","Moadim: zachor",
"<i>Rosh Chodesh Av</i>: Aharon's <i>Yahrzeit</i>","Rabbi Mordechai Willig","2011","Moadim: 9days",
"Fear and Love, Truth and Peace","Rabbi Mordechai Willig","2011","Moadim: noraim",
"Purim: Insight into Hindsight","Rabbi Benjamin Yudin","2011","Moadim: purim",
"Resolving the <i>Sukkah</i> Paradox","Rabbi Benjamin Yudin","2011","Moadim: sukkos",
"Are We Derelict in Teaching?","Rabbi Dr. Abraham J. Twerski","2011","Parsha: ekev",
"<i>Kedoshim</i>: Rashi vs. Ramban","Rabbi Dr. Abraham J. Twerski","2011","Parsha: kedoshim",
"The Importance of <i>Derech Eretz</i>","Rabbi Dr. Abraham J. Twerski","2011","Parsha: matos",
"The Commandment of <i>P'ru Ur'vu</i>: Example of the Dual Law System","Rabbi Yakov Haber","2011","Parsha: noach",
"Kosher Inside and Out: a Recipe for <i>Teshuva</i>","Rabbi Yakov Haber","2011","Parsha: reeh",
"A Tale of Two Spies","Rabbi Yakov Haber","2011","Parsha: shlach",
"The Third <i>Beis HaMidkash</i><a href=""#_ftn1"" name=""_ftnref1"" title="""">[1]</a>","Rabbi Yakov Haber","2011","Parsha: tetzaveh",
"A Nation Divided, a Nation United","Rabbi Yakov Haber","2011","Parsha: vayigash",
"<I>Kehila</i> vs. <I>Eida</i>","Rabbi Yaakov Neuburger","2011","Parsha: chukas",
"Spontaneity and Premeditation","Rabbi Yaakov Neuburger","2011","Parsha: kiteitsei",
"Two Ways of Looking","Rabbi Yaakov Neuburger","2011","Parsha: vayera",
"<I>Parshat Ekev</i>: An Approach to Formative Jewish Education","Rabbi Michael Rosensweig","2011","Parsha: eikev",
"Building the <i>Mishkan</i>: Enabling and Interacting with the Transcendent Divine Presence","Rabbi Michael Rosensweig","2011","Parsha: terumah",
"The Purpose and Essence of the <i>Beis HaMikdash</i>","Rabbi Yonason Sacks","2011","Parsha: kisisa",
"The <i>Mitzvah</i> of <i>Terumah</i>: Compulsion and Benevolence","Rabbi Yonason Sacks","2011","Parsha: korach",
"The Meaning and Significance of <i>Zera</i> Avraham","Rabbi Yonason Sacks","2011","Parsha: lech",
"How to Choose a Rabbi","Rabbi Hershel Schachter","2011","Parsha: mishpatim",
"Observing <i>Aveilus</i> for the Living","Rabbi Hershel Schachter","2011","Parsha: tazria",
"The Basic Principles","Rabbi Hershel Schachter","2011","Parsha: vaeschanan",
"Two Dreams?","Rabbi Hershel Schachter","2011","Parsha: vayeshev",
"Tents and Streams - the Secret of our Survival","Rabbi Zvi Sobolofsky","2011","Parsha: balak",
"The Challenge of <i>Tefillas Mincha</i>","Rabbi Zvi Sobolofsky","2011","Parsha: chayey",
"<i>Mikra Kodesh</i>","Rabbi Zvi Sobolofsky","2011","Parsha: emor",
"<I>Yiras Shomayim</i> - The Secret of <i>Tefillin</i>","Rabbi Zvi Sobolofsky","2011","Parsha: kisavo",
"Constant Focus - The Lesson of the <i>Tzitz</i>","Rabbi Zvi Sobolofsky","2011","Parsha: pikudei",
"The Challenge of Changing","Rabbi Mayer Twersky","2011","Parsha: beshalach",
"Appreciating Our Blessings","Rabbi Mayer Twersky","2011","Parsha: vayeitsei",
"Soldiers in Hashem's Army","Rabbi Mordechai Willig","2011","Parsha: bamidbar",
"The Joy of Purim, Pesach, and Family","Rabbi Mordechai Willig","2011","Parsha: shmini",
"Descendants and Deficiencies","Rabbi Mordechai Willig","2011","Parsha: vayishlach",
"The Path of Hashem","Rabbi Mordechai Willig","2011","Parsha: yisro",
"Share the Wealth and Get A Wealthy Share","Rabbi Benjamin Yudin","2011","Parsha: behar",
"The World is Mine","Rabbi Benjamin Yudin","2011","Parsha: bo",
"Smart Stones vs Smart Phones","Rabbi Benjamin Yudin","2011","Parsha: pinchas",
"Following In His Father's Footsteps","Rabbi Benjamin Yudin","2011","Parsha: toldos",
"Amaleik and Purim: Deception and Self-Deception","Rabbi Yakov Haber","2012","Moadim: purim",
"<i>LeDovid</i> Hashem: Planning and Praying for the Right Things","Rabbi Yaakov Neuburger","2012","Moadim: elul",
"From Censure to Sinai: A Fresh Look at <i>Shavuos</i>","Rabbi Yaakov Neuburger","2012","Moadim: shavuos",
"True Freedom","Rabbi Hershel Schachter","2012","Moadim: pesach",
"The <i>Beis HaMikdash</i>: The Ultimate Unifying Force","Rabbi Zvi Sobolofsky","2012","Moadim: 9av",
"<i>Torah</i> and <i>Chessed</i> - The Secrets of <i>Kaparah</i>","Rabbi Zvi Sobolofsky","2012","Moadim: yk",
"Chanukah and Sensitivity","Rabbi Mayer Twersky","2012","Moadim: chanukah",
"Miracles and Wonders","Rabbi Mayer Twersky","2012","Moadim: pesach",
"Chanukah: Conflict of Cultures Then and Now","Rabbi Mordechai Willig","2012","Moadim: chanukah",
"Gladness and Joy","Rabbi Mordechai Willig","2012","Moadim: purim",
"Seeing Straight","Rabbi Mordechai Willig","2012","Moadim: succos",
"Guess Who's Coming To Dinner?","Rabbi Benjamin Yudin","2012","Moadim: pesach",
"Learn From Adam - Take Plan A","Rabbi Benjamin Yudin","2012","Moadim: yk",
"Divine Service: The General and the Specific","Rabbi Yakov Haber","2012","Parsha: balak",
"Children of All Levels","Rabbi Yakov Haber","2012","Parsha: behalos",
"<i>N'kama</i> and <i>N'tira</i>: Parameters and Preventatives","Rabbi Yakov Haber","2012","Parsha: kedoshim",
"Converting Everything to Good","Rabbi Yakov Haber","2012","Parsha: kisavo",
"Fleeing From; Running To<a href=""#_ftn1"" name=""_ftnref1"" title="""">[1]</a>","Rabbi Yakov Haber","2012","Parsha: vayechi",
"Two Types of Prayer","Rabbi Yakov Haber","2012","Parsha: vayera",
"Cherishing the Spiritual Embrace of <i>Eretz Yisroel</i>","Rabbi Yaakov Neuburger","2012","Parsha: masei",
"Unity","Rabbi Yaakov Neuburger","2012","Parsha: shemos",
"Sincere Donations","Rabbi Yaakov Neuburger","2012","Parsha: vayakhel",
"Absolute <i>Emunah</i> as a Test and Prerequisite of National Leadership","Rabbi Michael Rosensweig","2012","Parsha: chukas",
"The <i>Sefirat HaOmer</i> Period: A Dimension of <i>Kedushat HaZeman</i>","Rabbi Michael Rosensweig","2012","Parsha: emor",
"<i>Naki Yihyeh Le-Beito Shanah Achat</i>: The National Dimension of Jewish Marriage","Rabbi Michael Rosensweig","2012","Parsha: kiteitsei",
"Avraham <I>Avinu</i>: A New Paradigm","Rabbi Michael Rosensweig","2012","Parsha: lech",
"The <i>Eretz Yisrael</i> Factor in <i>Nigei Batim</i>","Rabbi Michael Rosensweig","2012","Parsha: metzora",
"Response to His Brothers: Empathy and Loyalty as Transcendent Torah Values","Rabbi Michael Rosensweig","2012","Parsha: vayigash",
"<i>V'asu Li Mikdash</i>","Rabbi Yonason Sacks","2012","Parsha: kisisa",
"Yissachar and Zevulun","Rabbi Yonason Sacks","2012","Parsha: vayechi",
"Experimental Judaism: Playing with Fire, Part II","Rabbi Hershel Schachter","2012","Parsha: breishis",
"Experimental Judaism: Playing with Fire","Rabbi Hershel Schachter","2012","Parsha: reeh",
"<i>Emunah</i> and <i>Bitachon</i>","Rabbi Hershel Schachter","2012","Parsha: vayeshev",
"Guarding the Ultimate Treasure","Rabbi Zvi Sobolofsky","2012","Parsha: bamidbar",
"The Lesson of the Unique Fruit","Rabbi Zvi Sobolofsky","2012","Parsha: shlach",
"Two <i>Berachos</i> that are One","Rabbi Zvi Sobolofsky","2012","Parsha: toldos",
"A Model of Expressing Gratitude","Rabbi Zvi Sobolofsky","2012","Parsha: vaera",
"Why Bring a <I>Korban</I>? It Wasn't My Fault","Rabbi Zvi Sobolofsky","2012","Parsha: vayikra",
"A Gift from <i>Eretz Yisroel</i>","Rabbi Mayer Twersky","2012","Parsha: eikev",
"Superseding Societal Conventions","Rabbi Mayer Twersky","2012","Parsha: lech",
"Freedom to Serve","Rabbi Mayer Twersky","2012","Parsha: mishpatim",
"<i>Bnei</i> Noach","Rabbi Mayer Twersky","2012","Parsha: noach",
"Neighbors","Rabbi Mordechai Willig","2012","Parsha: korach",
"Family First","Rabbi Mordechai Willig","2012","Parsha: shmini",
"Pillars","Rabbi Mordechai Willig","2012","Parsha: shoftim",
"Now","Rabbi Mordechai Willig","2012","Parsha: yisro",
"Home Equity and Insurance","Rabbi Benjamin Yudin","2012","Parsha: bo",
"Show and Tell: We Had It First","Rabbi Benjamin Yudin","2012","Parsha: naso",
"Do as I Do","Rabbi Benjamin Yudin","2012","Parsha: vaeschanan",
"Transcending Time","Rabbi Benjamin Yudin","2012","Parsha: vayetze",
"Comfort within the Destruction","Rabbi Yakov Haber","2013","Moadim: nachamu",
"History and the Jewish People","Rabbi Yakov Haber","2013","Moadim: pesach",
"Purim and Providence: the Amaleik Connection","Rabbi Yakov Haber","2013","Moadim: purim",
"The Two Goats and the True Self","Rabbi Yakov Haber","2013","Moadim: yk",
"Chanukah: A ""<I>Yom Tov</I>"" of <I>Hallel</I> and <I>Hodaah</I>","Rabbi Michael Rosensweig","2013","Moadim: chanukah",
"<I>Megillat</i> Esther: Truth and Peace in the Pursuit of Jewish Survival","Rabbi Michael Rosensweig","2013","Moadim: purim",
"<i>Sefirat Ha-Omer</i>: A Process of Individual and National Growth","Rabbi Michael Rosensweig","2013","Moadim: sefirah",
"Shabbat <i>Rosh Chodesh</i>: The Convergence, Conjunction and Integration of <i>Kedushat ha-Zeman</i>","Rabbi Michael Rosensweig","2013","Moadim: shabrh",
"<i>Chag haSukkot</i>: <i>Avodat</i> Hashem in the Aftermath of the <i>Yamim Noraim</i>","Rabbi Michael Rosensweig","2013","Moadim: sukkos",
"Recommitting Ourselves to the Torah <i>Sheb'al Peh</i>","Rabbi Hershel Schachter","2013","Moadim: rh",
"A Cry From the Soul","Rabbi Zvi Sobolofsky","2013","Moadim: rh",
"Days and Weeks: Two Worlds yet One Goal","Rabbi Zvi Sobolofsky","2013","Moadim: shavuos",
"The Fast Path to <i>Teshuva</i>","Rabbi Mayer Twersky","2013","Moadim: 10teves",
"Eat, Drink and Be Merry ... For Today We Accept the Torah","Rabbi Mayer Twersky","2013","Moadim: shavuos",
"Listen to your <i>Matzah</i>","Rabbi Benjamin Yudin","2013","Moadim: pesach",
"<i>Naaseh v'Nishmah</i>: Faith and Intellect","Rabbi Benjamin Yudin","2013","Moadim: shavuos",
"Avraham <i>Avinu</i>: The Root of All of <i>Avodas</i> Hashem<a href=""#_ftn1"" name=""_ftnref1"" title="""">[1]</a>","Rabbi Yakov Haber","2013","Parsha: eikev",
"The Mystery of the <i>Ketores</i>","Rabbi Yakov Haber","2013","Parsha: korach",
"The Street-Smart and the Secluded: Two Types of Leadership","Rabbi Yaakov Neuburger","2013","Parsha: behalos",
"Finding the Words and Maintaining Connections","Rabbi Yaakov Neuburger","2013","Parsha: breishis",
"A Prescription for <i>Kedusha</i>","Rabbi Yaakov Neuburger","2013","Parsha: kedoshim",
"The Secret for Achieving Unity","Rabbi Yaakov Neuburger","2013","Parsha: reeh",
"The Prayers Within","Rabbi Yaakov Neuburger","2013","Parsha: shemos",
"Longing for the Best","Rabbi Yaakov Neuburger","2013","Parsha: vayeshev",
"<i>Mah Tovu Ohalecha</i> Yaakov: A Sanctified Perspective on Dignity, Privacy, and Community","Rabbi Michael Rosensweig","2013","Parsha: balak",
"The Nature of Moshe <i>Rabbeinu's</i> Receiving the Torah","Rabbi Hershel Schachter","2013","Parsha: eikev",
"The Real <i>Klal Yisroel</i>","Rabbi Hershel Schachter","2013","Parsha: shlach",
"<i>Aveilus</i>, <i>Sefirah</i>, and <i>Hallel</i>","Rabbi Hershel Schachter","2013","Parsha: shmini",
"Rachel's Longing for Children","Rabbi Hershel Schachter","2013","Parsha: vayetse",
"The Harp of Ten Strings","Rabbi Hershel Schachter","2013","Parsha: yisro",
"Life and Death Lessons from <i>Meoras Hamachpeilah</i>","Rabbi Zvi Sobolofsky","2013","Parsha: chayey",
"Kashering our Souls","Rabbi Zvi Sobolofsky","2013","Parsha: matos",
"The Greatest of Men, the Most Humble of Men","Rabbi Zvi Sobolofsky","2013","Parsha: shemos",
"Rising Above Time","Rabbi Zvi Sobolofsky","2013","Parsha: vaera",
"Moshe and <i>Korbanos</i>: Lessons in Humility","Rabbi Zvi Sobolofsky","2013","Parsha: vayikra",
"<i>Mon</i> for All Generations","Rabbi Mayer Twersky","2013","Parsha: beshalach",
"Spiritual Frailty of Man","Rabbi Mayer Twersky","2013","Parsha: shoftim",
"Shabbos: The Source of Sacred Creativity","Rabbi Mayer Twersky","2013","Parsha: vayakhel",
"The Need for <i>Tefillah</i>","Rabbi Mayer Twersky","2013","Parsha: vayera",
"From Yehoshua to Yehoshua","Rabbi Mordechai Willig","2013","Parsha: chukas",
"Sanctity","Rabbi Mordechai Willig","2013","Parsha: emor",
"Lift Your Head","Rabbi Mordechai Willig","2013","Parsha: kisisa",
"Overcoming Amalek: Certainty and Passion","Rabbi Mordechai Willig","2013","Parsha: kiteitsei",
"<I>Hashkafa</i>","Rabbi Mordechai Willig","2013","Parsha: mishpatim",
"Jewish Unity","Rabbi Mordechai Willig","2013","Parsha: vayigash",
"The Black Box That Tells the Whole Story","Rabbi Benjamin Yudin","2013","Parsha: bo",
"Above and Beyond","Rabbi Benjamin Yudin","2013","Parsha: devarim",
"Be Basket-Like","Rabbi Benjamin Yudin","2013","Parsha: kisavo",
"Bitter-Sweet","Rabbi Benjamin Yudin","2013","Parsha: vaera",
"Make His Presents Present","Rabbi Benjamin Yudin","2013","Parsha: vayishlach",
"The Shofar: External and Internal","Rabbi Yakov Haber","2014","Moadim: rh",
"The Majesty at Hand: The Torah Readings of <i>Yom Kippur</i> and <i>Sukkos</i>","Rabbi Yaakov Neuburger","2014","Moadim: sukkos",
"<I>Milchemes</i> Amalek and <i>Tefilah Betzibur</i>","Rabbi Yaakov Neuburger","2014","Moadim: zachor",
"Preserving Orthodoxy, Then and Now","Rabbi Hershel Schachter","2014","Moadim: chanukah",
"The Torah of <i>Chessed</i> and the Day of <i>Chessed</i>","Rabbi Hershel Schachter","2014","Moadim: yk",
"Shavuos: Do Not Forget, For Ourselves and Our Children","Rabbi Zvi Sobolofsky","2014","Moadim: shavuos",
"The Harvest Festival: A Spiritual Perspective","Rabbi Zvi Sobolofsky","2014","Moadim: sukkos",
"A Lesson in Humility","Rabbi Mayer Twersky","2014","Moadim: pesach",
"<I>Rotzoh Hakadosh Baruch Hu L'zakos Es Yisroel</i>","Rabbi Mayer Twersky","2014","Moadim: shavuos",
"The Timely and Timeless Lessons of <i>Parshas Hachodesh</i>","Rabbi Mordechai Willig","2014","Moadim: hachodesh",
"Happy with our Portion","Rabbi Mordechai Willig","2014","Moadim: purim",
"Preparing for <I>Tisha B'Av</i> During War","Rabbi Benjamin Yudin","2014","Moadim: 9av",
"The Sacred Ingredient","Rabbi Benjamin Yudin","2014","Moadim: pesach",
"World Time, Jewish Time","Rabbi Yakov Haber","2014","Parsha: bo",
"Anticipatory Gratitude","Rabbi Yakov Haber","2014","Parsha: emor",
"""As G-d Commanded Moshe""","Rabbi Yakov Haber","2014","Parsha: pekudei",
"Completing the Divine Creation","Rabbi Yakov Haber","2014","Parsha: shlach",
"<I>Mishpat Tzedek</i> - The Torah's Illumination of All of Life","Rabbi Yakov Haber","2014","Parsha: shoftim",
"<i>Middos </i>and Morals<a href=""#_ftn1"" name=""_ftnref1"" title="""">[1]</a>","Rabbi Yakov Haber","2014","Parsha: vayishlach",
"The Eloquence of Silence. The Value of Words.","Rabbi Yaakov Neuburger","2014","Parsha: balak",
"Making <i>Sefira</i> Count","Rabbi Yaakov Neuburger","2014","Parsha: behar",
"Learning to Serve Hashem Naturally","Rabbi Yaakov Neuburger","2014","Parsha: ekev",
"Pain and Redemption","Rabbi Yaakov Neuburger","2014","Parsha: mikeitz",
"Pain and Redemption","Rabbi Yaakov Neuburger","2014","Parsha: miketz",
"The Value of Questions","Rabbi Yaakov Neuburger","2014","Parsha: yisro",
"The Census of <i>Klal Yisrael</i>: When Even Numbers Are Names and Objects are Subjects","Rabbi Michael Rosensweig","2014","Parsha: bamidbar",
"<i>Ben Sorer u-Moreh</i>: The Importance of Cultivating a Religious Personality","Rabbi Michael Rosensweig","2014","Parsha: kiteitsei",
"Protecting the Vulnerable in Society: A Litmus Test for an Idealistic System of Civil Law","Rabbi Michael Rosensweig","2014","Parsha: mishpatim",
"Peace in the Pursuit of War; War in the Pursuit of Peace","Rabbi Michael Rosensweig","2014","Parsha: pinchas",
"Confronting the Challenge of Change: Three Perspectives on the <i>Miluim</i> Transition","Rabbi Michael Rosensweig","2014","Parsha: shmini",
"<i>Yirat Shamayim</i>: When Potential is Not Enough","Rabbi Michael Rosensweig","2014","Parsha: vayera",
"<i>Keriat Shema</i> and the Reunion of Yisrael - Yosef","Rabbi Michael Rosensweig","2014","Parsha: vayigash",
"The Institution of <i>Tanach</i>","Rabbi Hershel Schachter","2014","Parsha: beshalach",
"Dealing with Contradictions","Rabbi Hershel Schachter","2014","Parsha: chukas",
"Incomplete <I>Kedusha</i>","Rabbi Hershel Schachter","2014","Parsha: kedoshim",
"The Meaning of <i>Am Hanivchar</i>; the Source of Anti-Semitism","Rabbi Hershel Schachter","2014","Parsha: reeh",
"Understanding Properly","Rabbi Hershel Schachter","2014","Parsha: vayikra",
"Carrying and the Other Thirty Eight <i>Melachos</i> - Two Dimensions of Shabbos Observance","Rabbi Zvi Sobolofsky","2014","Parsha: kisisa",
"Sight and Speech: From the <i>Metzora</i> to the <i>Seder</i> Night","Rabbi Zvi Sobolofsky","2014","Parsha: metzorah",
"The Centrality of <i>Eretz Yisroel</i>","Rabbi Zvi Sobolofsky","2014","Parsha: toldos",
"Loving Hashem","Rabbi Zvi Sobolofsky","2014","Parsha: vaeschanan",
"An Evil Eye: Nothing for Yosef to Fear","Rabbi Zvi Sobolofsky","2014","Parsha: vayechi",
"Perpetuating the <i>Masorah</i>","Rabbi Mayer Twersky","2014","Parsha: chayey",
"Blessing and Curses","Rabbi Mordechai Willig","2014","Parsha: bechukosai",
"Happiness and Goodness of Heart</i>","Rabbi Mordechai Willig","2014","Parsha: kisavo",
"Learning From Avraham <I>Avinu</i>","Rabbi Mordechai Willig","2014","Parsha: lech",
"Tinted Glasses","Rabbi Benjamin Yudin","2014","Parsha: korach",
"Mastery of the Yid Over the Id","Rabbi Benjamin Yudin","2014","Parsha: noach",
"It's Not How Much You Give, But How","Rabbi Benjamin Yudin","2014","Parsha: vayakhel",
"Just When You Are Right","Rabbi Benjamin Yudin","2014","Parsha: vayetze",
"<i>Tu B'Av </i>and <i>Nachamu</i>: The Roots of the Redemption","Rabbi Yakov Haber","2015","Moadim: 15av",
"Chanukah: the Power of the Light of Torah and <i>Chachmei haTorah</i>","Rabbi Yakov Haber","2015","Moadim: chanukah",
"<I>Arba Parshiyos:</i> Past, Present and Future","Rabbi Yakov Haber","2015","Moadim: para",
"<i>Sukkos</i>: Two Types of Divine Providence<a href=""#_ftn1"" name=""_ftnref1"" title="""">[1]</a>","Rabbi Yakov Haber","2015","Moadim: sukkos",
"The Spies and <i>Tisha B'Av</i>: Losing Perspective","Rabbi Eliakim Koenigsberg","2015","Moadim: 9av",
"The <i>Sukkah</i>: The Key to True Happiness","Rabbi Eliakim Koenigsberg","2015","Moadim: sukkos",
"Unmasking <i>Hester Panim</i>, Hearing Prayer and Pain","Rabbi Yaakov Neuburger","2015","Moadim: pesach",
"Rambam's View of <i>Ahavat</i> Hashem as the Telos of <i>Teshuvah</i>, an Indispensable Manifestation of <i>Avodat</i> Hashem","Rabbi Michael Rosensweig","2015","Moadim: elul",
"<i>Bechira Chofshis</i>","Rabbi Hershel Schachter","2015","Moadim: bechira",
"""<i>Anochi</i>""","Rabbi Hershel Schachter","2015","Moadim: shavuos",
"<i>Teshuva</i>: A Mandate for Change","Rabbi Mayer Twersky","2015","Moadim: teshuva",
"Surrender and Victory - The <i>Mitzvah</i> of <i>Mechiyas</i> Amalek","Rabbi Mayer Twersky","2015","Moadim: zachor",
"Obliterating Haman From Our Midst","Rabbi Mordechai Willig","2015","Moadim: purim",
"Just Beneath the Divine","Rabbi Benjamin Yudin","2015","Moadim: hachodesh",
"Song of the Sea: Song of Unity, Song of the Future","Rabbi Yakov Haber","2015","Parsha: beshalach",
"Inspiration, Application and Preservation","Rabbi Yakov Haber","2015","Parsha: naso",
"What Has Real Value?","Rabbi Eliakim Koenigsberg","2015","Parsha: vayeshev",
"Following Hashem in the Desert - Then and Now","Rabbi Yaakov Neuburger","2015","Parsha: behalos",
"Realizing Our Potential","Rabbi Yaakov Neuburger","2015","Parsha: breishis",
"Seeking Him Out","Rabbi Yaakov Neuburger","2015","Parsha: reeh",
"Give ""Like a Man""","Rabbi Yaakov Neuburger","2015","Parsha: terumah",
"Guarding Our Safety and Protecting Our Values","Rabbi Yaakov Neuburger","2015","Parsha: vayishlach",
"<i>Shabbat</i> and <i>Shabbat Haaretz</i> (<i>Shemitah</i>) as Linchpins for Divine Sovereignty and Ennobled Human Creativity","Rabbi Michael Rosensweig","2015","Parsha: behar",
"The Rejection of Korach and His Ideology of <I>Kedushah</I> Minimalism","Rabbi Michael Rosensweig","2015","Parsha: korach",
"Perspectives on <i>Bitachon</i> and the Centrality of <i>Eretz Yisrael</i>","Rabbi Michael Rosensweig","2015","Parsha: lech",
"Educating about the Elevated Standard of Halachic Man's Human Interactions","Rabbi Michael Rosensweig","2015","Parsha: mishpatim",
"<i>Parshat Vayechi</i>: The Convergence of Personal Legacy and National Destiny in Jewish Leadership","Rabbi Michael Rosensweig","2015","Parsha: vayechi",
"The Danger of Being Overly Inclusive","Rabbi Hershel Schachter","2015","Parsha: bo",
"The Exceptional Case of <i>Benos</i> Tzlafchad","Rabbi Hershel Schachter","2015","Parsha: masei",
"<i>Ein Mazal L'Yisroel</i>","Rabbi Hershel Schachter","2015","Parsha: vayetze",
"Reaching our Destination","Rabbi Zvi Sobolofsky","2015","Parsha: nitzavim",
"The Power of a <i>Tzibbur</i>","Rabbi Zvi Sobolofsky","2015","Parsha: pinchas",
"A Message from another World","Rabbi Zvi Sobolofsky","2015","Parsha: tazria",
"<i>Kasher</i>ing our Utensils and our Hearts","Rabbi Zvi Sobolofsky","2015","Parsha: tzav",
"Lifting One's Eyes","Rabbi Zvi Sobolofsky","2015","Parsha: vayera",
"Penitential Pains","Rabbi Mayer Twersky","2015","Parsha: achrei",
"<i>Kedushas Hashaim</i>","Rabbi Mayer Twersky","2015","Parsha: chukas",
"Inspiration and Redemption","Rabbi Mayer Twersky","2015","Parsha: shemos",
"Trampled Laws","Rabbi Mordechai Willig","2015","Parsha: ekev",
"Learning from Noach","Rabbi Mordechai Willig","2015","Parsha: noach",
"Youthful Hearts and Eyes","Rabbi Mordechai Willig","2015","Parsha: shlach",
"Ultimate Spiritual Redemption","Rabbi Mordechai Willig","2015","Parsha: shmini",
"Darkness Before the Light","Rabbi Mordechai Willig","2015","Parsha: vaera",
"Jewish Education, Family and Community","Rabbi Mordechai Willig","2015","Parsha: vayigash",
"Oh, How the Mighty Have Fallen","Rabbi Benjamin Yudin","2015","Parsha: balak",
"The Rope Connection","Rabbi Benjamin Yudin","2015","Parsha: chayey",
"<i>Omer</i>: Hashem's Measure of Love","Rabbi Benjamin Yudin","2015","Parsha: emor",
"Transforming Attitude into Gratitude","Rabbi Benjamin Yudin","2015","Parsha: kisavo",
"Having Faith in Faith","Rabbi Benjamin Yudin","2015","Parsha: shemos",
"The Tenth Step","Rabbi Benjamin Yudin","2015","Parsha: yisro",
"Song of the Sea: Song of Unity, Song of the Future","Rabbi Yakov Haber","2015","Parsha: C:\Users\Raziel\Downloads\torahweb",
"Purim and <i>Korbanos</i>: The New and Renewal of the Old","Rabbi Yakov Haber","2016","Moadim: purim",
"Connecting to the <i>Beis HaMikdash</i> Today","Rabbi Eliakim Koenigsberg","2016","Moadim: nachamu",
"<i>Sukkos</i> and <i>Shemini Atzeres</i>: Hashem's Expression of Love","Rabbi Eliakim Koenigsberg","2016","Moadim: sukkos",
"Tishah B'Av (and the Status of Tishah B'Av nidchah): A Day of Intense Mourning and Intensive National Unity and Identification","Rabbi Michael Rosensweig","2016","Moadim: 9av",
"<i>Chag ha-Cherut</i>: Autonomy and Liberation in the Pursuit of Transcendence","Rabbi Michael Rosensweig","2016","Moadim: pesach",
"<I>Simchat Sukkot</i>: An Expression of <i>Avodah</i> and <i>Hashra'at HaShechinah</i>","Rabbi Michael Rosensweig","2016","Moadim: sukkos",
"<i>Eilu V'Eilu</i>","Rabbi Hershel Schachter","2016","Moadim: chanukah",
"The Moon, the Jews, and <i>Moshiach</i>","Rabbi Hershel Schachter","2016","Moadim: mocharchodesh",
"Reassuring Rabbe Shimon <i>Bar</i> Yocahi","Rabbi Mayer Twersky","2016","Moadim: lagbomer",
"Above Time and Beyond Time","Rabbi Mordechai Willig","2016","Moadim: pesach",
"Hashem's Used Vehicle","Rabbi Benjamin Yudin","2016","Moadim: pesach",
"Almonds Not Earthquakes","Rabbi Daniel Stein","2016","Parsha: korach",
"Wrong Way!","Rabbi Daniel Stein","2016","Parsha: nitzavim",
"A Responsibility to Succeed","Rabbi Daniel Stein","2016","Parsha: toldos",
"Selling the Land, Redeeming the Land","Rabbi Yakov Haber","2016","Parsha: behar",
"Uniqueness of the Land; Uniqueness of the Jewish People","Rabbi Yakov Haber","2016","Parsha: masei",
"""Unloading"" Hatred<a href=""#_ftn1"" name=""_ftnref1"" title=""""><span class=MsoFootnoteReference>[1]</a>","Rabbi Yakov Haber","2016","Parsha: mishpatim",
"Four Types of Redemption","Rabbi Yakov Haber","2016","Parsha: vaera",
"The Torah's Song; the Song of Torah","Rabbi Yakov Haber","2016","Parsha: vayelech",
"On the Torah's Attitude Toward War and Justified Self-Defense<a href=""#_ftn1"" name=""_ftnref1"" title="""">[1]</a>","Rabbi Yakov Haber","2016","Parsha: vayishlach",
"The Individual and the Community","Rabbi Eliakim Koenigsberg","2016","Parsha: bamidbar",
"<i>Tzora'as</i>, <i>Chodesh Nisan</i> and the Importance of Preparation","Rabbi Eliakim Koenigsberg","2016","Parsha: metzora",
"A Desire to Go Higher","Rabbi Eliakim Koenigsberg","2016","Parsha: vayeitsei",
"Elevating the Mundane","Rabbi Eliakim Koenigsberg","2016","Parsha: yisro",
"Praying to <i>Keil Elyon</i>","Rabbi Yaakov Neuburger","2016","Parsha: lechlecha",
"Living the Longing for Redemption","Rabbi Yaakov Neuburger","2016","Parsha: pinchas",
"Deep Faith and Deep Love","Rabbi Yaakov Neuburger","2016","Parsha: reeh",
"Appropriate Religious Innovation","Rabbi Yaakov Neuburger","2016","Parsha: shmini",
"The ""Take It All In"" Moment","Rabbi Yaakov Neuburger","2016","Parsha: tetzaveh",
"<i>Chet ha-Eigel</i>: A Catastrophic Theological and Ideological Lapse","Rabbi Michael Rosensweig","2016","Parsha: kisisa",
"""<i>Naso Et Rosh Benei Gershon Gam Heim</i>"": The Importance of Overlapping Paradigms of Jewish Leadership","Rabbi Michael Rosensweig","2016","Parsha: naso",
"The Obligation of Responsible Leadership","Rabbi Michael Rosensweig","2016","Parsha: vayeshev",
"Zecharia, Miriam, and the Master <i>Novi</i>","Rabbi Hershel Schachter","2016","Parsha: behalos",
"Yosef's Oath","Rabbi Hershel Schachter","2016","Parsha: beshalach",
"<i>Tzelem Elokim</i>","Rabbi Hershel Schachter","2016","Parsha: breishis",
"<i>Eileh</i>, <i>Anochi</i>, and Hashem's Love for Us","Rabbi Hershel Schachter","2016","Parsha: eikev",
"Volunteering <i>Mitzvos</i>","Rabbi Hershel Schachter","2016","Parsha: vayikra",
"<I>Korban</I> Pesach and <i>Tefillin</i>: The Sanctity of the Jewish Home","Rabbi Zvi Sobolofsky","2016","Parsha: bo",
"The Blessing of the <i>Mon</i> for Today","Rabbi Zvi Sobolofsky","2016","Parsha: chukas",
"Generalities and Specifics: Two Dimensions of <i>Avodas</i> Hashem","Rabbi Zvi Sobolofsky","2016","Parsha: kedoshim",
"Attaining Holiness","Rabbi Zvi Sobolofsky","2016","Parsha: kiteitsei",
"The Fire of Anger","Rabbi Zvi Sobolofsky","2016","Parsha: vayakheil",
"Lessons From the Aftermath of the <i>Akeida</i>","Rabbi Zvi Sobolofsky","2016","Parsha: vayera",
"Balance","Rabbi Mordechai Willig","2016","Parsha: balak",
"Torah, <i>Emunah</i>, and <i>Beracha</i>","Rabbi Mordechai Willig","2016","Parsha: bechukosai",
"Tying All Jews Together","Rabbi Mordechai Willig","2016","Parsha: chayey",
"Upholding the Torah","Rabbi Mordechai Willig","2016","Parsha: kisavo",
"Fractions and Aspirations","Rabbi Mordechai Willig","2016","Parsha: terumah",
"The Animals Within and Without","Rabbi Benjamin Yudin","2016","Parsha: noach",
"Not All That Glitters Is Gold","Rabbi Benjamin Yudin","2016","Parsha: pikudei",
"Believing is Seeing","Rabbi Benjamin Yudin","2016","Parsha: shlach",
"Open for Change","Rabbi Benjamin Yudin","2016","Parsha: shoftim",
"Missed Opportunities and the Afternoon of <i>Tisha Bav</i>","Rabbi Daniel Stein","2017","Moadim: 9av",
"Making the Pesach Story Personal","Rabbi Daniel Stein","2017","Moadim: pesach",
"The Unity of the <i>Sukkah</i> and the <i>Daled Minim</i>","Rabbi Daniel Stein","2017","Moadim: sukkos",
"<i>Shemini Atzeres</i> - Living in Hashem's Presence","Rabbi Eliakim Koenigsberg","2017","Moadim: sukkos",
"The <i>Yom Tov</i> of Chanukah","Rabbi Michael Rosensweig","2017","Moadim: chanukah",
"<I>Sippur Yetziat Mitzrayim</I>'s <I>Mikra Bikkurim</I> as a Statement of Faith","Rabbi Michael Rosensweig","2017","Moadim: pesach",
"Yom Kippur: The Day of the Kohen Gadol","Rabbi Michael Rosensweig","2017","Moadim: yk",
"A Good and Sweet Year","Rabbi Zvi Sobolofsky","2017","Moadim: rh",
"The Months, Divine Attributes, and Purpose of Creation","Rabbi Mordechai Willig","2017","Moadim: rh",
"Yerushalayim","Rabbi Mordechai Willig","2017","Moadim: yy",
"Take the Silver and the Gold - Please?","Rabbi Daniel Stein","2017","Parsha: bo",
"Speak to Them!","Rabbi Daniel Stein","2017","Parsha: naso",
"Protect Your Reputation","Rabbi Daniel Stein","2017","Parsha: toldos",
"Dual Sanctity","Rabbi Yakov Haber","2017","Parsha: eikev",
"Progeny of Self, Progeny of Children","Rabbi Yakov Haber","2017","Parsha: noach",
"Guide to the Piscatorially Perplexed","Rabbi Yakov Haber","2017","Parsha: shmini",
"Blessings: the Common and the Unique","Rabbi Yakov Haber","2017","Parsha: vayechi",
"<i>Emunah</i>: A Refresher Course","Rabbi Yakov Haber","2017","Parsha: yisro",
"<i>Tefillah</i> - An Essential Ingredient for Success","Rabbi Eliakim Koenigsberg","2017","Parsha: mikeitz",
"The Importance of <i>Hakaras Hatov</i>","Rabbi Eliakim Koenigsberg","2017","Parsha: mishpatim",
"Seeing the Blessing","Rabbi Eliakim Koenigsberg","2017","Parsha: reeh",
"Equal Value","Rabbi Eliakim Koenigsberg","2017","Parsha: tazriah",
"Living with the Landlord","Rabbi Yaakov Neuburger","2017","Parsha: behar",
"Temptations and Triumphs; The <i>Parsha</i> of Private Moments","Rabbi Yaakov Neuburger","2017","Parsha: kisavo",
"If it is Possible to Ruin, Then it is Possible to Fix","Rabbi Yaakov Neuburger","2017","Parsha: kisisa",
"Persist and Win","Rabbi Yaakov Neuburger","2017","Parsha: korach",
"Transmitting and Expressing Faith","Rabbi Yaakov Neuburger","2017","Parsha: vayechi",
"Meeting Him vs. Emulating Him","Rabbi Yaakov Neuburger","2017","Parsha: vayera",
"""<i>Lamah Nigara</i>"": Recognizing the Primacy of Spiritual Opportunity and the Integrity of Halachic Life","Rabbi Michael Rosensweig","2017","Parsha: behalos",
"<i>Shirat Hayam - Zeh Keili ve-Anveihu</i>: An Expansion of the Character and Scope of Halachic Commitment","Rabbi Michael Rosensweig","2017","Parsha: beshalach",
"Mourning and Celebrating ""The Good Mountain"", Yerushalayim","Rabbi Michael Rosensweig","2017","Parsha: vaeschanan",
"Be Careful!","Rabbi Hershel Schachter","2017","Parsha: achrei",
"Appearances are Sometimes Deceiving","Rabbi Hershel Schachter","2017","Parsha: balak",
"Outsiders","Rabbi Hershel Schachter","2017","Parsha: lechlecha",
"<I>Eilu V'Eilu</I>","Rabbi Hershel Schachter","2017","Parsha: shoftim",
"Visiting, and Hosting, Hashem","Rabbi Hershel Schachter","2017","Parsha: terumah",
"The Missing Piece","Rabbi Hershel Schachter","2017","Parsha: vayigash",
"<i>Kasher</i>ing and Immersing: Lessons for the Soul","Rabbi Zvi Sobolofsky","2017","Parsha: matos",
"Preserving the Jewish People During Exile","Rabbi Zvi Sobolofsky","2017","Parsha: shemos",
"Tears of Sadness and of Joy","Rabbi Zvi Sobolofsky","2017","Parsha: shlach",
"Sanctity of Time: The <i>Shabbos</i>-<i>Yom Tov</i> Relationship","Rabbi Zvi Sobolofsky","2017","Parsha: vayakhel",
"From a Tent to a House - Yaakov's Journey","Rabbi Zvi Sobolofsky","2017","Parsha: vayishlach",
"Zeal and Peace","Rabbi Mordechai Willig","2017","Parsha: pinchas",
"Chosenness and Unity","Rabbi Mordechai Willig","2017","Parsha: vaera",
"Thanksgiving and <i>Chanukah</i>","Rabbi Mordechai Willig","2017","Parsha: vayetze",
"Good Heart, not Deaf Heart","Rabbi Mordechai Willig","2017","Parsha: vayikra",
"The Me Generation vs. Generating the Real Me","Rabbi Benjamin Yudin","2017","Parsha: chayeysara",
"Give Credit Where Credit is Due","Rabbi Benjamin Yudin","2017","Parsha: chukas",
"Love is Blind, Respect Can't Be","Rabbi Benjamin Yudin","2017","Parsha: emor",
"Missing Gen(e)iality","Rabbi Benjamin Yudin","2017","Parsha: kiteitsei",
"Inside Out","Rabbi Benjamin Yudin","2017","Parsha: tetzaveh",
"If You Appreciate the Small You Will Get the Big","Rabbi Benjamin Yudin","2017","Parsha: vayigash",
"Chanukah: The <i>Sukkos</i> Connection","Rabbi Yakov Haber","2018","Moadim: chanukah",
"The Two Day Holiday of Purim","Rabbi Yakov Haber","2018","Moadim: purim",
"The <i>Mitzvos</i> of <i>Sukkos</i> and the Great Partnership","Rabbi Yakov Haber","2018","Moadim: sukkos",
"The Connection Between <i>Yetzias Mitzrayim</i> and <i>Kriyas Yam Suf</i>","Rabbi Eliakim Koenigsberg","2018","Moadim: pesach",
"The Purpose of the Excursion","Rabbi Ahron Lopiansky","2018","Moadim: elul",
"Four Ways to Increase Our <i>Simcha</i>","Rabbi Yaakov Neuburger","2018","Parsha: 4parshas",
"<i>Yetzias Mitzrayim</i> - Pesach and Beyond","Rabbi Zvi Sobolofsky","2018","Moadim: pesach",
"Eating to Live","Rabbi Mordechai Willig","2018","Moadim: pesach",
"To Know That You Don't Know","Rabbi Benjamin Yudin","2018","Moadim: parah",
"20/20 Sukkah Vision","Rabbi Benjamin Yudin","2018","Moadim: sukkos",
"Saved by Sacrifice","Rabbi Daniel Stein","2018","Parsha: beshalach",
"Marriage is About Giving","Rabbi Daniel Stein","2018","Parsha: breishis",
"Dying to Learn","Rabbi Daniel Stein","2018","Parsha: chukas",
"Our Ego, Our Time, Our Year - Our Decision","Rabbi Daniel Stein","2018","Parsha: reeh",
"Triple Covering","Rabbi Daniel Stein","2018","Parsha: tazria",
"The Power of Parents","Rabbi Daniel Stein","2018","Parsha: vayeshev",
"Covenant and <i>Kinyan</i>","Rabbi Yakov Haber","2018","Parsha: behar",
"External and Internal Truth","Rabbi Yakov Haber","2018","Parsha: devarim",
"A Good Heart","Rabbi Eliakim Koenigsberg","2018","Parsha: achrei",
"Who's at the Center of Your Universe?","Rabbi Eliakim Koenigsberg","2018","Parsha: matos",
"A Special Relationship","Rabbi Eliakim Koenigsberg","2018","Parsha: mishpatim",
"Rosh Hashana: A Time to Think About Someone Else","Rabbi Eliakim Koenigsberg","2018","Parsha: nitzavim",
"Where Are You Headed?","Rabbi Eliakim Koenigsberg","2018","Parsha: vayetsei",
"The Subversion of the Spiritual","Rabbi Ahron Lopiansky","2018","Parsha: balak",
"The <i>Avodah</i> of Yerushalayim, the Connection of Chevron","Rabbi Ahron Lopiansky","2018","Parsha: chayey",
"Diverse Roles, Common Goal","Rabbi Yaakov Neuburger","2018","Parsha: bamidbar",
"Staying Focused on Living the Dream","Rabbi Yaakov Neuburger","2018","Parsha: lech",
"The Profundity of ""Names""","Rabbi Yaakov Neuburger","2018","Parsha: shemos",
"The Responsibility of Miracles","Rabbi Yaakov Neuburger","2018","Parsha: shoftim",
"<i>Mitzvat Tzitzit</i>: A Comprehensive, Holistic, and Integrative Approach to Avodat Hashem","Rabbi Michael Rosensweig","2018","Parsha: shlach",
"<i>Va-yehi Ba-yom Ha-shemini</i>: The Elevation and Initiation of the <i>Kehunah Gedolah</i>","Rabbi Michael Rosensweig","2018","Parsha: shmini",
"<i>Terumat haMishkan</i> as an Expression of <i>Am Yisrael's Brit</i>","Rabbi Michael Rosensweig","2018","Parsha: terumah",
"""Avraham <i>Holid et Yitzchak</i>"": Initiating the <i>Mesorah</i> Community","Rabbi Michael Rosensweig","2018","Parsha: toldos",
"<i>Kavod Habriyos</i>: Human Dignity","Rabbi Hershel Schachter","2018","Parsha: emor",
"When do the Ends Justify the Means?","Rabbi Hershel Schachter","2018","Parsha: kisisa",
"<i>Semicha</i> Today","Rabbi Hershel Schachter","2018","Parsha: pinchas",
"The <i>Sefer Habris</i>","Rabbi Hershel Schachter","2018","Parsha: vayelech",
"Just One <i>Mitzvah</i>","Rabbi Hershel Schachter","2018","Parsha: vayishlach",
"Attaining Divine Mercy","Rabbi Zvi Sobolofsky","2018","Parsha: kiteitsei",
"Guarding Precious Treasures","Rabbi Zvi Sobolofsky","2018","Parsha: korach",
"Feeling The Pain of Others","Rabbi Zvi Sobolofsky","2018","Parsha: shemos",
"Avraham's Relationship with Those Around Him","Rabbi Zvi Sobolofsky","2018","Parsha: vayera",
"The Inspiring Story","Rabbi Zvi Sobolofsky","2018","Parsha: yisro",
"The Menorah: Symbol of Unity","Rabbi Mordechai Willig","2018","Parsha: behaloscha",
"Honoring Royalty","Rabbi Mordechai Willig","2018","Parsha: bo",
"Old Models, New Challenges","Rabbi Mordechai Willig","2018","Parsha: eikev",
"Peleg and Yoktan: Dispersion and Redemption","Rabbi Mordechai Willig","2018","Parsha: noach",
"Forgiveness","Rabbi Mordechai Willig","2018","Parsha: vayechi",
"You Can Take It with You","Rabbi Benjamin Yudin","2018","Parsha: naso",
"Forget Me Not","Rabbi Benjamin Yudin","2018","Parsha: vaera",
"<i>Tu b'Av</i>: <i>Chessed</i> - A Divine Boomerang","Rabbi Benjamin Yudin","2018","Parsha: vaeschanan",
"Inextricably Intertwined","Rabbi Benjamin Yudin","2018","Parsha: vayigash",
"Talking Our Way Out of <i>Mitzrayim</i>","Rabbi Daniel Stein","2019","Moadim: pesach",
"The Mysterious Days of <i>Atzeres</i>","Rabbi Yakov Haber","2019","Moadim: pesach",
"The Dance of <i>Tu B'Av</i>","Rabbi Eliakim Koenigsberg","2019","Moadim: tubav",
"Limited Access","Rabbi Yaakov Neuburger","2019","Moadim: shavuos",
"Experiencing and Internalizing the <i>Churban</i>: Ramban's view on Havdalah","Rabbi Michael Rosensweig","2019","Moadim: 9av",
"<i>Al ha-Nissim</i> in <i>Birkat ha-Mazon</i>: A Reflexive Halachic Expression of Chanukah<i> Hoda'ah</i>","Rabbi Michael Rosensweig","2019","Moadim: chanukah",
"<i>Yeshivah be-Sukkah</i>: An Immersive and Comprehensive Religious Experience","Rabbi Michael Rosensweig","2019","Moadim: sukkos",
"Shabbos <i>Hagadol</i> and <i>Moshiach</i>","Rabbi Hershel Schachter","2019","Moadim: hagadol",
"Selfless Tears: The Sounds of the <i>Shofar</i>","Rabbi Zvi Sobolofsky","2019","Moadim: rh",
"Start Small","Rabbi Daniel Stein","2019","Parsha: eikev",
"Living with <i>Emunah</i>","Rabbi Daniel Stein","2019","Parsha: lech",
"Verbal Abuse","Rabbi Daniel Stein","2019","Parsha: mishpatim",
"Organized Religion","Rabbi Daniel Stein","2019","Parsha: shlach",
"<i>Teruma</i> and <i>Ma'aser</i>: Two Models of Divine Beneficence","Rabbi Yakov Haber","2019","Parsha: korach",
"Free Choice and Seeking Out Hashem","Rabbi Yakov Haber","2019","Parsha: reeh",
"The <i>Mishkan, Har </i>Sinai, Torah and <i>Eretz Yisrael</i>","Rabbi Yakov Haber","2019","Parsha: terumah",
"Yishmael: Reflections on Origins and Current History","Rabbi Yakov Haber","2019","Parsha: vayera",
"A Full Redemption","Rabbi Eliakim Koenigsberg","2019","Parsha: beshalach",
"Unity Through Individuality","Rabbi Eliakim Koenigsberg","2019","Parsha: haazinu",
"Sacrifices for Unity","Rabbi Eliakim Koenigsberg","2019","Parsha: naso",
"The Freedom to Choose","Rabbi Eliakim Koenigsberg","2019","Parsha: tazria",
"Synchronization of the Natural Order With the Divine Will","Rabbi Ahron Lopiansky","2019","Parsha: bo",
"Between a <i>Kohen</i> and a <i>Kohen Gadol</i>","Rabbi Ahron Lopiansky","2019","Parsha: emor",
"<i>Kanous</i>: Anarchy or Ultimate Justice?","Rabbi Ahron Lopiansky","2019","Parsha: pinchas",
"Days of Completion","Rabbi Ahron Lopiansky","2019","Parsha: vayelech",
"<i>Korbanos</i>: Gift vs. Obligation","Rabbi Ahron Lopiansky","2019","Parsha: vayikra",
"The Ox and the Donkey: An Invincible Force","Rabbi Ahron Lopiansky","2019","Parsha: vayishlach",
"""In the Beginning"" is Today!","Rabbi Yaakov Neuburger","2019","Parsha: breishis",
"Only the Humble Can Lead","Rabbi Yaakov Neuburger","2019","Parsha: tzav",
"Getting in Touch","Rabbi Yaakov Neuburger","2019","Parsha: vaera",
"Refusing to Give Up on Unity","Rabbi Yaakov Neuburger","2019","Parsha: vayeshev",
"<i>Ameilut ba-Torah</i>: A Formula for Halachic Commitment and <i>Chochmat ha-Torah</i>","Rabbi Michael Rosensweig","2019","Parsha: bechukosai",
"<i>Birkat Kohanim</i>: An Appropriate Component and Culmination of the <i>Miluim</i>","Rabbi Michael Rosensweig","2019","Parsha: shmini",
"<i>Kibud Av ve-Eim</i>: A Core Foundation of Torah Life","Rabbi Michael Rosensweig","2019","Parsha: yisro",
"<I>Libi Bamizrach Va'ani B'sof Maarav</i>","Rabbi Hershel Schachter","2019","Parsha: behalos",
"On Drinking, Sleeping, and Making Proper Use of Our Divine Gifts","Rabbi Hershel Schachter","2019","Parsha: noach",
"True Redemption","Rabbi Hershel Schachter","2019","Parsha: pekudei",
"Selective Observance","Rabbi Hershel Schachter","2019","Parsha: shoftim",
"The Call of the Shofar","Rabbi Zvi Sobolofsky","2019","Parsha: behar",
"<i>Eretz Yisrael</i>, <i>Beis Hamikdash</i> and the Center of Torah","Rabbi Zvi Sobolofsky","2019","Parsha: matos",
"Maintaining the True Beauty of the <i>Mishkan</i>","Rabbi Zvi Sobolofsky","2019","Parsha: vayakhel",
"Keeping the Dream of the <i>Beis HaMikdash</i> Alive","Rabbi Zvi Sobolofsky","2019","Parsha: vayeytze",
"<i>Mashiach</i>: When and How","Rabbi Mordechai Willig","2019","Parsha: balak",
"Existing Through Holiness","Rabbi Mordechai Willig","2019","Parsha: kedoshim",
"Gratitude","Rabbi Mordechai Willig","2019","Parsha: kisavo",
"Undistracted Prayer","Rabbi Mordechai Willig","2019","Parsha: kisisa",
"Infighting","Rabbi Mordechai Willig","2019","Parsha: toldos",
"Spiritual Nourishment: The Icing on the Cake","Rabbi Benjamin Yudin","2019","Parsha: achrei",
"Service Elevator: Take it to the Top","Rabbi Benjamin Yudin","2019","Parsha: chayey",
"""Holy Cow! It's Torah!""","Rabbi Benjamin Yudin","2019","Parsha: chukas",
"Sensitivity Training","Rabbi Benjamin Yudin","2019","Parsha: kiteitsei",
"The Great Unifier","Rabbi Benjamin Yudin","2019","Parsha: tetzaveh",
"Preparing for Pesach","Rabbi Daniel Stein","2020","Moadim: pesach",
"Thoughts on <i>Shavuos</i>, Corona and Coronation","Rabbi Yakov Haber","2020","Moadim: shavuos",
"un-BELIEVE-able","Rabbi Benjamin Yudin","2020","Moadim: pesach",
"There is Nothing More Beautiful Than Serving Hashem <i>Be'Tznius</i>","Rabbi Daniel Stein","2020","Parsha: bamidbar",
"The Cup of Hope","Rabbi Daniel Stein","2020","Parsha: vaera",
"The First and Last Redeemers: Proofs and Mission","Rabbi Yakov Haber","2020","Parsha: shemos",
"Inward Growth, Outward Expansion","Rabbi Yakov Haber","2020","Parsha: tzav",
"Overcoming Natural Instincts - The Ultimate Power Struggle","Rabbi Eliakim Koenigsberg","2020","Parsha: behar",
"Do Clothes Really Make the Man?","Rabbi Eliakim Koenigsberg","2020","Parsha: tetzave",
"Do Clothes Really Make the Man?","Rabbi Eliakim Koenigsberg","2020","Parsha: tetzaveh",
"The Lasting Impact of a Religious Experience (Yaakov <i>Avinu</i>, <i>Eretz Yisroel</i>, and the <i>Siyum Hashas</i>)","Rabbi Eliakim Koenigsberg","2020","Parsha: vayigash",
"The Eighth Day","Rabbi Ahron Lopiansky","2020","Parsha: shmini",
"Revelation and Torah: Two Events or One?","Rabbi Ahron Lopiansky","2020","Parsha: yisro",
"Concretizing Essential Ideas","Rabbi Yaakov Neuburger","2020","Parsha: terumah",
"<i>Kedoshim Tihiyu</i>: Cultivating a Comprehensive and Integrative Approach to <i>Avodat</i> Hashem","Rabbi Michael Rosensweig","2020","Parsha: kedoshim",
"<i>Cheit ha-Eigel</i>: a Betrayal of <i>Emunah</i> and <i>Bitachon</i>","Rabbi Michael Rosensweig","2020","Parsha: kisisa",
"The Sanctity of Jewish Marriage","Rabbi Hershel Schachter","2020","Parsha: naso",
"<i>Mikdash</i>, <i>Simcha</i>, and <i>Chessed</i> - The Three Pillars of <i>Yom Tov</i>","Rabbi Zvi Sobolofsky","2020","Parsha: emor",
"When Majority Does Not Rule","Rabbi Zvi Sobolofsky","2020","Parsha: mishpatim",
"Answering the <i>Ben Rasha</i>","Rabbi Mordechai Willig","2020","Parsha: bo",
"Response to COVID-19","Rabbi Mordechai Willig","2020","Parsha: metzora",
"Return to <i>Shtender</i>","Rabbi Benjamin Yudin","2020","Parsha: behalos",
"<u>Keeping</u> the Faith","Rabbi Benjamin Yudin","2020","Parsha: beshalach",
